category,text
瓦斯事故,701回风巷迎头未临时支护，顶板突然垮冒，将正在迎头作业的宋新平砸埋致死。
运输事故,梭车跟车工白亮亮违反《无极绳绞车梭车跟车工操作规程》，在未停车的情况下前往梭车前方，被行驶中的梭车撞击、挤压，是造成这起事故的直接原因。
顶板事故,工作面78#～80#支架处片帮漏顶冒落的大块矸石沿大坡度电缆槽滑下，撞击到采煤机滚筒电机护板飞出，将违规滞留在16#支架前与刮板输送机之间的王彦君砸伤致死。
运输事故,杨喜在掉道矿车与巷帮之间违规[6]使用矿车连接杆进行复轨时矿车侧倾，被挤压胸部致死。
瓦斯事故,41601运输巷事故地点地质构造复杂，该区域煤层具有突出危险，瓦斯抽采措施未达到治理效果，突出危险性验证未真实反映煤层突出危险性，综掘机作业时诱发了煤与瓦斯突出。
机电事故,挖装机司机在挖装机作业点巷道北侧高度不符合挖装机作业条件、且挖装机下部垫有放炮后抛落矸石的情况下，违章操作挖装机进行挖装作业；挖装作业过程中，挖装机机身前端突然向巷道北侧偏移，导致位于操作台的司机的头部被卡在巷道北侧顶板与挖装机回转机架之间受挤压而受伤致死。
瓦斯事故,K7煤层具有突出危险性，超过突出危险性鉴定范围组织生产，未采取任何防突措施，煤体未消突；事故点煤层煤体松软，断层构造应力和采面顶板初次来压应力叠加，采煤机割煤诱发煤与瓦斯突出，造成事故。
瓦斯事故,17301回风巷Ⅰ上山巷采工作面放炮贯通老空区后，老空区内积聚的瓦斯大量涌出至17301回风巷，造成巷道内瓦斯达到爆炸界限，现场作业人员矿灯电缆破损处电线短接产生火花引爆瓦斯，导致事故。
运输事故,推车工处理掉道矿车时受伤，导致肺挫伤、颈部气管损伤、血气胸，造成呼吸衰竭死亡。
瓦斯事故,瓦检员朱益民违章进入2525综放工作面回风巷无风段缺氧窒息是本起事故的直接原因。
顶板事故,程军在31503综采工作面设备运转期间违章进入工作面下安全出口，被工作面煤壁片帮滚落的煤块砸伤致死是本起事故的直接原因
伤亡事故,当班胶带输送机司机裴玲玲在101胶带输送机运行期间违规打开机头护栏清理落煤时，卷入底胶带和托辊之间致死。
顶板事故,李德荣自主保安意识差，冒险蛮干，违章进入采空区藏放工具时被突然垮落的顶板砸压致死。
顶板事故,13619上综采工作面受地质构造、应力叠加、生产组织等因素影响未能正常推进，导致部分液压支架被“压死”。支架上方破碎的砂质泥岩在断层裂隙水长时间的浸泡下发生软化离散，稳定性降低。作业人员在采用扩帮、卧底的方式处理被“压死”支架的过程中，支架上方饱含水分的破碎岩石从顶梁前端迅速溃入工作面，垮漏的水石混合物呈泥石流状态快速流向工作面下方，将作业人员掩埋导致事故发生。
顶板事故,1504采煤工作面下安全出口联络斜眼未按作业规程规定支护，作业人员未认真检查支护和顶板情况，顶板离层垮落，砸伤并掩埋作业人员。
顶板事故,7月10日八点班1102N进风巷非行人侧巷道维修违反《1102N工作面巷修安全技术措施》规定，班长张森让工人将补打的锚杆锯短，本班巷修区域（事故地点）锚杆长度不符合要求致使支护强度不够，造成片帮，将7月11日零点班在此巷修清煤的赵明砸压致死。
工伤事故,伤者谢磊站位不当，违章作业，正面刷帮，刷帮时掉落一块浆皮，躲避不及，被砸到右脚脚面。
工伤事故,伤者张虎在工作面移架后行走过程中，将左手放置在两块电缆槽接茬处，支架间掉块矸石，造成左手被砸伤。
工伤事故,放液时由于脚底打滑单体倾倒，砸到徐光迎腹部。
机电事故,电源相间短路，右手腕被电弧烧伤。
工伤事故,迎头顶板未严格执行敲帮问顶制度（一人找顶、一人观察后路），帮顶活矸危岩未找净，人员站位不当，处理肩窝时未采取可靠的临时支护，导致顶板滑落的矸石砸中职工腿部至伤。
爆炸事故,506 连采工作面和开采保安煤柱工作面采空区及与之连通的老空区顶板大面积垮落，老空区气体压入与老空区连通的巷道内，扬起巷道内沉积的煤尘，弥漫506连采面，并达到爆炸浓度，在三支巷中部处于怠速状态下的无MA标志非防爆C17运煤车产生火花，点燃煤尘，发生爆炸，造成人员伤亡。
运输事故,当班采煤工作面攉煤工刘大军安全意识淡薄，违反采煤工作面作业规程和安全技术措施的规定，违章跨越正在运行的刮板输送机，在跨越时不慎摔倒，被刮板输送机拖行至采煤机电机处受撞击和挤压而受伤致死
机电事故,钳工进入破碎机箱体内作业时，未使用滚筒制动卡具和检修平台，电工在未确认安全的情况下启动破碎机，致使钳工被破碎机卷压，导致本次事故发生。
运输事故,无轨胶轮车驾驶员未按规定在斜巷驻车，误将手套挂在手动驻车器上使车辆下滑，未及时采取有效紧急制动措施，将在两车之间违规通过的工人撞击、挤压，导致本次事故发生。
顶板事故,工人违章作业，在未先支设好替换液压单体支柱的情况下直接卸载原有支柱；上端头上方断裂的顶板受回撤支柱扰动影响失稳冒落，导致事故发生。
顶板事故,职工违章进入未采取临时支护的掘进工作面正头空顶区作业，被冒落的顶板离层矸石砸倒，导致事故发生。
瓦斯事故,喷浆队5名工人在未采取检查和排放瓦斯的情况下，擅自[2]打开栅栏进入盲巷作业，携带的非防爆手机[3]引燃盲巷内积聚的瓦斯，形成了瓦斯爆炸。
火灾事故,1.中金公司施工人员在实施斜坡道维修支护项目过程中，采用氧炔焰切割冒落区垮落的钢拱架上部凹陷的钢板时，引燃冒落区支护充填用的草垫、竹架板、圆木等可燃物造成火灾，产生的大量一氧化碳等有毒有害气体，经斜坡道随风流下行进入3号、4号破碎硐室和A1胶带运输平巷，造成9名当班作业人员一氧化碳中毒死亡。2.西沟矿在抢险救援过程中，施救不当，造成3人一氧化碳中毒死亡、17人一氧化碳中毒受伤。
火灾事故,"盲竖井VV22 3*185mm2铠装低压电缆因质量不合格,在使用中发热老化,达到一定程度后,在12中段下方60米断点处绝缘层被电流击穿,发生短路,产生电弧,引燃自身及靠近的玻璃钢隔板,是事故发生的直接原因。"
火灾事故,兴利公司风井井巷钢棚支护施工过程中，作业人员在电焊作业时引燃木背板，致使用于接帮和接顶的木背板燃烧，产生的一氧化碳等有毒有害气体经风井与副井之间的旧巷和冒落的老空区形成的漏风通道进入副井，造成人员伤亡。
火灾事故,1月14日，吉林老金厂金矿股份有限公司在老牛槽区二段盲竖井-483米至-486米间进行焊割安装钢支护作业时，掉落的金属熔化物(焊渣和熔珠)造成井筒衬木阴燃，导致发生火灾。
火灾事故,李生文矿维修工在盲1井的井筒内违章使用电焊，焊割下的高温金属残渣掉落在井壁充填护帮的荆笆上，造成长时间阴燃，最后引燃井筒周围的荆笆及木支护等可燃物，引发井下火灾。
爆炸事故,导爆管雷管在裸露运送途中造成导爆管破损，破损的导爆管雷管在无防爆设施的躲避硐 室内发放，遇到漏电产生的电火花引发导爆管雷管爆炸，继而引发炸药爆炸。
爆炸事故,井下作业人员违章用照明白炽灯泡集中取暖，时间长达18个小时，使易燃的编织袋等物品局部升温过热，造成灯泡炸裂引起着火，引燃井下大量使用的编织袋及聚乙烯风管、水管，火势迅速蔓延，引起其他巷 道和井下炸药库燃烧，导致炸药爆炸。在爆炸冲击波作用下，风流逆转，燃烧、爆炸产生的大量高温、有毒、有害气体进入三部平巷等处，造成井下大量人员中毒窒息死亡。
爆炸事故,经专案组分析认为该矿工队爆破工石某某违反民用爆炸物品管理规定，在工棚内放置爆炸物品并吸烟所致(在无人证的情况下，根据掌握的材料分析、推断，2日凌晨2点至2点40分期间违章在房间内接雷管导火线并吸烟，引发房间内炸药爆炸)。
工伤事故,开拓队班长贾某某使用剁斧直接剁钢丝绳，操作方法不正确，是造成这起事故的直接原因。
瓦斯事故,二掘队未严格执行作业规程，炮眼布置不符合作业规程规定。违反作业规程采用反向起爆，未使用水炮泥，放炮时产生了明火，引燃了放炮时涌出的瓦斯和顶板积聚区的瓦斯，引起火灾。
爆炸事故,管理混乱，在向井下运送民用爆炸物品（以下简称民爆物品）的过程中，严重违章作业，炸药、雷管混装吊运，野蛮装卸时发生爆炸
瓦斯事故,宝马煤矿借回撤越界区域内设备名义违法组织生产，6040 巷采工作面因停电停风，造成瓦斯积聚；1小时后恢复供电通风，积聚的高浓度瓦斯排入与之串联通风的6040 综放工作面，遇到正在违规焊接支架的电焊火花引起瓦斯燃烧，产生的火焰传导至6040 工作面进风顺槽，引起瓦斯爆炸。
顶板事故,13619上综采工作面受地质构造、应力叠加、生产组织等因素影响未能正常推进，导致部分液压支架被“压死”。支架上方破碎的砂质泥岩在断层裂隙水长时间的浸泡下发生软化离散，稳定性降低。作业人员在采用扩帮、卧底的方式处理被“压死”支架的过程中，支架上方饱含水分的破碎岩石从顶梁前端迅速溃入工作面，垮漏的水石混合物呈泥石流状态快速流向工作面下方，将作业人员掩埋导致事故发生。
顶板事故,1504采煤工作面下安全出口联络斜眼未按作业规程规定支护，作业人员未认真检查支护和顶板情况，顶板离层垮落，砸伤并掩埋作业人员。
顶板事故,7月10日八点班1102N进风巷非行人侧巷道维修违反《1102N工作面巷修安全技术措施》规定，班长张森让工人将补打的锚杆锯短，本班巷修区域（事故地点）锚杆长度不符合要求致使支护强度不够，造成片帮，将7月11日零点班在此巷修清煤的赵明砸压致死。
工伤事故,伤者谢磊站位不当，违章作业，正面刷帮，刷帮时掉落一块浆皮，躲避不及，被砸到右脚脚面。
工伤事故,伤者张虎在工作面移架后行走过程中，将左手放置在两块电缆槽接茬处，支架间掉块矸石，造成左手被砸伤。
工伤事故,放液时由于脚底打滑单体倾倒，砸到徐光迎腹部。
机电事故,电源相间短路，右手腕被电弧烧伤。
工伤事故,迎头顶板未严格执行敲帮问顶制度（一人找顶、一人观察后路），帮顶活矸危岩未找净，人员站位不当，处理肩窝时未采取可靠的临时支护，导致顶板滑落的矸石砸中职工腿部至伤。
爆炸事故,506 连采工作面和开采保安煤柱工作面采空区及与之连通的老空区顶板大面积垮落，老空区气体压入与老空区连通的巷道内，扬起巷道内沉积的煤尘，弥漫506连采面，并达到爆炸浓度，在三支巷中部处于怠速状态下的无MA标志非防爆C17运煤车产生火花，点燃煤尘，发生爆炸，造成人员伤亡。
运输事故,当班采煤工作面攉煤工刘大军安全意识淡薄，违反采煤工作面作业规程和安全技术措施的规定，违章跨越正在运行的刮板输送机，在跨越时不慎摔倒，被刮板输送机拖行至采煤机电机处受撞击和挤压而受伤致死。
机电事故,钳工进入破碎机箱体内作业时，未使用滚筒制动卡具和检修平台，电工在未确认安全的情况下启动破碎机，致使钳工被破碎机卷压，导致本次事故发生。
运输事故,无轨胶轮车驾驶员未按规定在斜巷驻车，误将手套挂在手动驻车器上使车辆下滑，未及时采取有效紧急制动措施，将在两车之间违规通过的工人撞击、挤压，导致本次事故发生。
顶板事故,工人违章作业，在未先支设好替换液压单体支柱的情况下直接卸载原有支柱；上端头上方断裂的顶板受回撤支柱扰动影响失稳冒落，导致事故发生。
顶板事故,职工违章进入未采取临时支护的掘进工作面正头空顶区作业，被冒落的顶板离层矸石砸倒，导致事故发生。
瓦斯事故,喷浆队5名工人在未采取检查和排放瓦斯的情况下，擅自[2]打开栅栏进入盲巷作业，携带的非防爆手机[3]引燃盲巷内积聚的瓦斯，形成了瓦斯爆炸。
火灾事故,中金公司施工人员在实施斜坡道维修支护项目过程中，采用氧炔焰切割冒落区垮落的钢拱架上部凹陷的钢板时，引燃冒落区支护充填用的草垫、竹架板、圆木等可燃物造成火灾，产生的大量一氧化碳等有毒有害气体，经斜坡道随风流下行进入3号、4号破碎硐室和A1胶带运输平巷，造成9名当班作业人员一氧化碳中毒死亡。
火灾事故,"盲竖井VV22 3*185mm2铠装低压电缆因质量不合格,在使用中发热老化,达到一定程度后,在12中段下方60米断点处绝缘层被电流击穿,发生短路,产生电弧,引燃自身及靠近的玻璃钢隔板,是事故发生的直接原因。"
火灾事故,兴利公司风井井巷钢棚支护施工过程中，作业人员在电焊作业时引燃木背板，致使用于接帮和接顶的木背板燃烧，产生的一氧化碳等有毒有害气体经风井与副井之间的旧巷和冒落的老空区形成的漏风通道进入副井，造成人员伤亡。
火灾事故,1月14日，吉林老金厂金矿股份有限公司在老牛槽区二段盲竖井-483米至-486米间进行焊割安装钢支护作业时，掉落的金属熔化物(焊渣和熔珠)造成井筒衬木阴燃，导致发生火灾。
火灾事故,李生文矿维修工在盲1井的井筒内违章使用电焊，焊割下的高温金属残渣掉落在井壁充填护帮的荆笆上，造成长时间阴燃，最后引燃井筒周围的荆笆及木支护等可燃物，引发井下火灾。
爆炸事故,导爆管雷管在裸露运送途中造成导爆管破损，破损的导爆管雷管在无防爆设施的躲避硐 室内发放，遇到漏电产生的电火花引发导爆管雷管爆炸，继而引发炸药爆炸。
爆炸事故,井下作业人员违章用照明白炽灯泡集中取暖，时间长达18个小时，使易燃的编织袋等物品局部升温过热，造成灯泡炸裂引起着火，引燃井下大量使用的编织袋及聚乙烯风管、水管，火势迅速蔓延，引起其他巷 道和井下炸药库燃烧，导致炸药爆炸。在爆炸冲击波作用下，风流逆转，燃烧、爆炸产生的大量高温、有毒、有害气体进入三部平巷等处，造成井下大量人员中毒窒息死亡。
爆炸事故,经专案组分析认为该矿工队爆破工石某某违反民用爆炸物品管理规定，在工棚内放置爆炸物品并吸烟所致(在无人证的情况下，根据掌握的材料分析、推断，2日凌晨2点至2点40分期间违章在房间内接雷管导火线并吸烟，引发房间内炸药爆炸)。
工伤事故,开拓队班长贾某某使用剁斧直接剁钢丝绳，操作方法不正确，是造成这起事故的直接原因。
瓦斯事故,二掘队未严格执行作业规程，炮眼布置不符合作业规程规定。违反作业规程采用反向起爆，未使用水炮泥，放炮时产生了明火，引燃了放炮时涌出的瓦斯和顶板积聚区的瓦斯，引起火灾。
爆炸事故,管理混乱，在向井下运送民用爆炸物品（以下简称民爆物品）的过程中，严重违章作业，炸药、雷管混装吊运，野蛮装卸时发生爆炸
瓦斯事故,宝马煤矿借回撤越界区域内设备名义违法组织生产，6040 巷采工作面因停电停风，造成瓦斯积聚；1小时后恢复供电通风，积聚的高浓度瓦斯排入与之串联通风的6040 综放工作面，遇到正在违规焊接支架的电焊火花引起瓦斯燃烧，产生的火焰传导至6040 工作面进风顺槽，引起瓦斯爆炸。
火灾事故,"电焊工在副井井口运输平台违章电焊，产生的高温焊渣引燃 运输平台负一层内可燃物,致提升机电力电缆线、信号电缆线和 井口操车系统液压油管及液压油燃烧。由于副井井口辅助提升到 位停车开关信号电缆着火造成线路短路，提升机实施一级制动， 致使罐笼提升 59m(由-500m 标高水平上提至-441m 标高水平）后 停止运行。此时，副井平衡锤侧提升钢丝绳处于高温火区内、抗 拉强度急剧下降，在静张力的作用下断裂，造成罐笼坠落（坠落 高度 94m）。"
爆炸事故,祖保煤矿开采的Ⅱ煤层具有煤尘爆炸危险性；暗主斜井超挂矿车，没有安装保险绳，串车提煤至上车场变坡点时，材料车下部碰头插销孔上部断裂，插销窜出造成跑车；跑车过程中矿车中的煤炭抛出，导致煤尘飞扬达到爆炸浓度；跑车时矿车撞击主斜井左侧供电电缆，电缆短路产生火花引起煤尘爆炸，造成人员伤亡。
顶板事故,担水沟煤业超能力生产、生产布局集中、接替顺序不合理、巷道压力明显增大时未采取有效措施，致使采动应力叠加诱发冲击地压是造成本次顶板事故的直接原因。
瓦斯事故,辛家煤矿开采煤层具有突出危险性，+617m采煤工作面位于采动应力集中区，未按规定采取防治煤与瓦斯突出措施，在未消除突出危险的情况下违法生产，割煤机扰动诱发煤与瓦斯突出。
瓦斯事故,宝马煤矿借回撤越界区域内设备名义违法组织生产，6040巷采工作面因停电停风，造成瓦斯积聚；1小时后恢复供电通风，积聚的高浓度瓦斯排入与之串联通风的6040综放工作面，遇到正在违规焊接支架的电焊火花引起瓦斯燃烧，产生的火焰传导至6040工作面进风顺槽，引起瓦斯爆炸。
瓦斯事故,二段40煤层左二片局扇采煤工作面，在未形成全风压通风系统情况下沿断层推采，局扇供风造成工作面微风，导致瓦斯积聚达到爆炸界限；工人违章放炮，放炮火焰引爆瓦斯，煤尘参与爆炸
瓦斯事故,事故直接原因是金山沟煤矿在超层越界违法开采区域采用国家明令禁止的巷道式采煤工艺不能形成全风压通风系统使用一台局部通风机违规同时向多个作业地点供风风量不足造成瓦斯积聚违章裸眼爆破产生的火焰引爆瓦斯煤尘参与了爆炸。
火灾事故,中金公司施工人员在实施斜坡道维修支护项目过程中，采用氧炔焰切割冒落区垮落的钢拱架上部凹陷的钢板时，引燃冒落区支护充填用的草垫、竹架板、圆木等可燃物造成火灾，产生的大量一氧化碳等有毒有害气体，经斜坡道随风流下行进入3号、4号破碎硐室和A1胶带运输平巷，造成9名当班作业人员一氧化碳中毒死亡。
透水事故,受采动影叫响，Z乙F202工作面上複岩层间离层空腔及积水量不断増加，形成了泥沙流体；在工作面出现透水征北后，继续冒险作业业，引发工作面煤壁切顶冒落导通泥沙流体，导致事故发生。
顶板事故,6410放顶煤工作面采用单体液压支柱配合π型钢梁支护（国家明令禁止使用的采煤工艺），支护强度不够、稳定性差，直接顶局部断裂、失稳，导致工作面部分支架倒塌、顶煤垮落，造成人员伤亡。
瓦斯事故,4112运输巷掘进工作面位于复杂地质构造带，第一单元45个区域防突底板穿层抽采瓦斯钻孔中，有个别钻孔控制巷道两帮距离不符合规定，采取的顺层钻孔补充防突措施未能消除工作面突出危险；未执行该矿班班都要进行工作突出危险性预测要求，事故前连续3个小班未进行工作面突出危险性预测；工作面出现煤层变软、片帮、瓦斯忽大忽小等突出预兆后没有认真分析并及时采取措施；掘进工作面片帮、漏顶诱导煤与瓦斯突出。
爆炸事故,2016年1月6日，陕西省榆林市神木县乾安煤矿在露天采区南部违规爆破，爆破冲击波扬起巷道内煤尘，达到爆炸浓度，爆破火焰引起了煤尘爆炸；爆炸产生的一氧化碳等有毒有害气体沿巷道涌入相邻刘家峁煤矿违规生产区域，造成11人死亡。
火灾事故,兴利公司风井井巷钢支护施工过程中，作业人员在电焊作业时弓燃木背板，致使用于接帮和接顶的木背板燃烧，产生的一氧化碳等有毒有害气体经风井与副井之间的日巷和冒落的老空区形成的漏风通道进入副井，造成人员伤亡。
爆炸事故,宝马煤矿借回撤越界区域内设备名义违法组织生产，6040 巷采工作面因停电停风，造成瓦斯积聚；1小时后恢复供电通风，积聚的高浓度瓦斯排入与之串联通风的6040 综放工作面，遇到正在违规焊接支架的电焊火花引起瓦斯燃烧，产生的火焰传导至6040 工作面进风顺槽，引起瓦斯爆炸。
火灾事故,一是非法超层越界组织施工。该矿违规在未经批准的K8煤层布置掘进工作面。二是未落实煤矿井下探放水措施和隐患排查制度。该矿没有认真排查矿区范围内的水害隐患等隐蔽致灾因素，盲目掘进、以掘代探。三是不执行安全监管监察指令。
瓦斯事故,永吉煤矿E10煤层-228上山以西采空区煤炭自燃；该矿对火区采取水淹灭火措施后，在未依规证实火区熄灭的情况下，违规启封火区；煤炭自燃引起采空区内积聚的瓦斯爆炸，导致事故发生。
瓦斯事故,12172下山掘进工作面没有采取防突措施；8月5日，工作面发生了突出事故后，没有停止作业、分析原因、采取有效措施治理瓦斯，8月6日，盲目施工瓦斯排放孔时又出现顶钻、卡钻、喷孔等突出征兆，该矿有关负责人仍然违章指挥、冒险组织作业，放炮后诱导煤与瓦斯延时突出导致事故发生。
透水事故,对8446综采工作面上覆7#煤层老空（巷）积水和回采过程中出现的透水征兆，未采取有效措施治理，随着工作面推进，采空区悬顶面积不断增大，在上覆岩体和7#煤层老空区水体共同压力作用下，顶板瞬间垮落导致大量上覆老空积水突然溃出，是造成这起事故发生的直接原因。
工伤事故,支架工秦某在后立柱未升紧的情况下，也没有采取其他安全措施，就违章处理支架前立柱加长段，是造成本起事故的直接原因。
瓦斯事故,"因井下监控分站电源漏电造成1705工作面区停电，1705工作面改造巷停风、瓦斯积聚；恢复送电时，采取“一风吹""的方式将1705工作面改造巷内积聚的高浓度瓦断压出；误启动1705改造巷开口4米位置闲置的风机，变形叶片运转产生摩火花，造成瓦断爆作。"
瓦斯事故,直接原因瓦斯管理不到位，造成瓦斯超限。工作面放炮导致瓦斯爆炸。
爆炸事故,5336综放工作面72#～76#支架处在处理片冒的大块煤岩体时，违章放“糊炮”爆破大块煤岩，扬起的煤尘达到爆燃浓度，放炮引起煤尘爆燃。
顶板事故,米泉沙沟煤矿+615m45#煤层综放面上部存在小窑采空区大面积悬顶，违规放顶煤开采，导致采空区顶板大面积冒落，压出大量有毒有害气体，造成作业人员窒息死亡。
瓦斯事故,1404回风顺槽掘进工作面施工进入复杂地质构造带，未调整区域防突措施，钻孔覆盖面未达到要求，煤体实际未消突
透水事故,事故区城煤层瓦所含量高高，有进行行瓦斯抽采；采用国家明令淘汰的以掘代采“的采煤方法；通风能力不足，局部通风机循手环风；瓦斯积。违章放炮产生的火源。引起瓦斯爆爆炸。
透水事故,皮带道皮带着火，有毒有害气体沿风流进入30#层左四采煤工作面，造成该工作面作业人员中毒窒息死亡
瓦斯事故,"该矿在708工作面密闭火区未熄灭的情况下,盲目决定缩小封闭范围。在违规打开原密闭、施工新密闭过程中,新鲜风流进入封闭区域,氧气和瓦斯浓度达到爆炸界限,遇采空区明火,发生瓦斯爆炸。"
瓦斯事故,该矿区域和局部防突措施落实不到位，1601回风顺槽槽2#联络巷揭穿的M6煤层末消除，石门揭煤时放炮诱发煤与斯突出。
瓦斯事故,该矿对瓦斯灾害的严重性认识不足，警惕性不高，治理和防范措施不到位，需要进一步完善和改进。
瓦斯事故,该矿非去越界组只生产，121701炮采工作面采用非正规采某方法，采用局甬风机供风进行采煤，违规串联通风、循环风，工作面微风作业，造成瓦斯积聚并达到农度界p限，违章放炮产生火焰引起所炸。
透水事故,下海子煤矿非法越界开采相邻的陆东煤矿三号井C24煤保安煤柱，掘进工作面不进行探放水作业，放炮贯通采空区积水，诱发透水事故。
瓦斯事故,603东顺槽因抽采不达标，超出允许控制范围掘进，违章作业造成的煤与瓦斯突出事故。
运输事故,现场作业人员无证擅自操作架线电机车，在倒车过程中撞上 装有轨道的物料车，物料车上的轨道撞入电机车驾驶室致其受伤， 是导致该起事故的直接原因。
运输事故,杨喜平摔倒被电机车碾压致死。
运输事故,渣车司机在排土场排渣时，车辆从排土场滑落，是造成这起事故发生的直接原因。
运输事故,把钩工在55轨道暗绞最大允许提升4个重车的情况下，在上部车场挂了16个车，下放时提升钢丝绳被拉断，造成跑车，作业人员违规蹬在矿车上，跑车后蹬车人员被甩下，引发事故。
机电事故,219-205综采工作面下出口对接工作面溜子槽作业过程中，作业人员站在危险区域内，俯身在溜子机头架上方拉拽溜子顶链时，溜子机头架突然向上倾斜翘起，将作业人员挤在综采支架顶梁和机头架间引发事故。
机电事故,作业人员在采煤工作面下出口安装迈步支架，起吊顶梁过程中，顶梁倾斜、摆动，将违章进入作业区域的张井军撞伤致死。
瓦斯事故,4112运输巷掘进工作面位于复杂地质构造带，第一单元45个区域防突底板穿层抽采瓦斯钻孔中，有个别钻孔控制巷道两帮距离不符合规定，采取的顺层钻孔补充防突措施未能消除工作面突出危险；未执行该矿班班都要进行工作突出危险性预测要求，事故前连续3个小班未进行工作面突出危险性预测；工作面出现煤层变软、片帮、瓦斯忽大忽小等突出预兆后没有认真分析并及时采取措施；掘进工作面片帮、漏顶诱导煤与瓦斯突出。
顶板事故,作业地点采用锚杆、锚索、单体工字钢梁“一梁二柱”联合支护，顶板有隐蔽构造，锚杆长度不足，失去支护作用；作业人员安装综采液压支架时，在没有先补打临时支护的情况下，撤掉原支护“一梁二柱”的一根支柱，造成支护强度不足，产生局部冒顶，引发大面积冒顶；作业人员没有听从指挥，未及时撤出危险区域，导致事故发生。
运输事故,在处理掉道人车过程中，把钩工在作业人员未撤离危险区域的情况下，打提车信号，运行的人车将作业人员挤在巷壁上，导致事故发生。
顶板事故,作业人员在09001采煤工作面开帮扩面过程中，由于帮顶破碎、压力大，未及时有效控制顶板，导致帮顶冒货将魏君埋压。
顶板事故,作业人员在+53m水平1202采煤工作面集中溜子道三岔口翻修作业时，对“抬棚”和“窜梁”加固强度不够，顶板来压，引发冒顶，三人被埋压致死。
运输事故,作业人员在距离采煤机尾部1米左右跨越工作面运转的刮板输送机时，倒在刮板输送机上，被刮板输送机拉至采煤机下，挤压致死，导致事故发生
瓦斯事故,1803溜子道掘进工作面局部通风机长时间停风，导致瓦斯积聚，作业人员违章进入，造成窒息死亡。
运输事故,作业人员用矿车向井下运送长度2.25米的圆木，装车高度1.85米。作业人员乘坐临近装载圆木的矿车一同入井，在矿车运行至巷道高度低于2米处时，造成圆木刮碰巷道棚梁，导致圆木一端翘起顶在棚梁上，另一端插入作业人员乘坐的矿车内，将作业人员撞击致死引发事故。
顶板事故,作业人员在1231-2采煤工作面运输顺槽进行超前替棚作业时，未加固邻近支护，顶板来压，破碎的顶板冒落，将其埋压致死。
瓦斯事故,辛家煤矿开采煤层具有突出危险性，+617m采煤工作面位于采动应力集中区，未按规定采取防治煤与瓦斯突出措施，在未消除突出危险的情况下违法生产，割煤机扰动诱发煤与瓦斯突出。
瓦斯事故,13采区+168mn媒回采工作面违规采用巷道式采煤、局部通风机供风，风量不足，引起斯积聚并达到爆炸浓度。在未检查瓦斯的情况下违规放炮，因发爆器接线桂产生电引起瓦所爆炸，造成人员伤亡。
瓦斯事故,桃子沟煤矿违法违规组织生产的3111采煤工作面6支巷采煤作业点区域处于无风微风状态，瓦斯积聚达到爆炸浓度；放炮后，残药燃烧，引爆积聚瓦斯。
瓦斯事故,庆兴煤矿违法违规组织生产，器意隐瞒作业地点点，在+214m标高三段十一路采用国家明令禁止的巷道式采煤方法，未形成全负压通风系统，造成瓦斯积聚，违章放短引起瓦斯焊炸。
瓦斯事故,八宝煤矿忽视防灭火管理工作，措施严重不落实，-4164东水采工作面上区段采空区漏风，煤炭自燃发火，引起采空区瓦斯爆炸，爆炸产生的冲击波和大量有毒有害气体造成人员伤亡。
瓦斯事故,13302底抽巷处于地质构造带，在已揭露煤层有突出预兆的情况下，未采取防突措施，破碎顶板冒落导致发生煤与瓦斯突出事故。
火灾事故,维修密闭作业使用无媒安标志的空气压缩机，空气压缩机着火，引燃附近区城琶道木支护抑，产生大量有、有害气体，造成下风12名工人CO中毒死亡、1人失踪。
瓦斯事故,在该区域1B1排煤层且有较强的危险性，而实施的石门掲煤区防突措施存在不足、区域措施效果检验数据測不合理，未消除突出危险的惜況下使用风镐則右帮硬底时诱发了本次煤与瓦斯突出
瓦斯事故,瓦斯区域治理措施不到位，在煤层没有消突情况下组织生产。
瓦斯事故,该矿402回采工作面采空区大面积空顶，致使采空区瓦斯积聚，达到爆炸界限；顶板受采动影响冒落，老顶岩石在冒落过程中断裂、摩擦、碰撞产生火花，引起瓦斯爆炸，是造成这起事故的直接原因。
瓦斯事故,放炮员违反《煤矿安全规程》第六十八条、第三百二十八条的规定，违章在3476工作面采空区放炮放顶煤引起采空区积聚的瓦斯爆炸。
透水事故,二水平三石门在掘进过程中由于地质条件发生变化，附近出现断层，巷道围岩破碎，顶板板离层松动。同时由于61煤煤巷的开堀，巷道应力集中，矿压显现增强。
火灾事故,15#层-140运输平巷石门口处变压器至馈电开关之间低压橡套电缆被冒落的岩石砸伤，绝缘损坏，造成相间短路，电缆着火，引燃周边可燃物及煤壁，导致火灾事故发生、人员中毒窒息死亡。
瓦斯事故,肖家湾煤矿非法违法开采区域的10号煤层提升下山采掘作业点和+1220 米平巷下部8号煤层部分采掘作业点无风微风作业，9瓦斯积聚达到爆炸浓度；10号煤层提升下山采掘作业点提升绞车信号装置失爆，操作时产生电火花引爆瓦斯；在爆炸冲击波高温作用下，1220 米平巷下部8号和9号煤层部分采掘作业点积聚的瓦斯发生二次爆炸，造成事故扩大。
瓦斯事故,该矿地质情况未查清，瓦斯治理不到位， +290m东二石门运输巷上山掘进工作面掘进施工遇到瓦斯异常涌出的地质构造后，未采取安全技术防范措施，瓦斯积聚达到爆炸界限，经分析认定，工字钢支架垮落互相撞击产生火花引起瓦斯爆炸。
透水事故,该矿井田内及周边存在采空区并大量积水，擅自开采隔水煤柱，在有透水预兆的情况下，违章指挥、冒险进行巷采出煤，放炮引发采空区积水涌出导致透水事故发生。
运输事故,"严重违规使用矿车运送人员,且与料车混挂；"
瓦斯事故,事故直接原因是该矿未采取区域防突措施，在掘进工作面放炮诱导瓦斯突出，造成风流反向，高浓度瓦斯流经暗斜井绞车房时，由于电器失爆产生火花引发瓦斯爆炸。
瓦斯事故,刘天权非法采煤窝点在不具备安全生产条件的情况下，非法组织生产，采取独眼井开采，局部通风机供风采煤，且抽循环风，造成+713米水平运输巷瓦斯积聚；工人在合岩石电钻开关时电缆一相裸露铜芯线与轨道短路产生火花，引起瓦斯爆炸。
瓦斯事故,田玉煤业有限公司非法越界布置4-2煤层系统，该系统皮带巷机尾正头掘进工作面曾与老空区打透，未密闭，由于矿井负压作用，导致瓦斯不断涌出；该系统通风管理混乱，通风设施不可靠，漏风严重，风量严重不足，局扇吸循环风，致使掘进工作面、3号联络巷、回风巷交岔口处瓦斯积聚，瓦斯浓度达到爆炸界限；耙斗机在扒煤过程中，因打结且有毛刺的钢丝绳与耙斗机绞车右滚筒左翼板摩擦产生火花引起瓦斯爆炸，导致11名矿工遇难。
透水事故,"三段36B#右零路平巷掘进工作面违章放炮,打通了原立井遗留的一条巷道,原立井巷道及采空区积水溃入,导致水害事故。"
透水事故,该矿掘进井下+350m水平水仓时进入突出煤层，未采取有效防突措施，放炮诱发煤与瓦斯突出。
透水事故,在未详细查明井田采（古）空区情况下，没有针对9 #煤层的探放水措施，6103回风顺槽掘进致9 #煤层老空高压水突破顺槽与钻场交汇处底板，冲淹巷道，造成人员伤亡。
透水事故,曾家沟煤矿为资源整合矿井，在技改整合期间违法越界开采团坝煤矿的隔离煤柱，且在发生透水征兆后未及时撤出井下作业人员，采煤作业导致老空区积水透出，造成透水点以下12 人死亡。
透水事故,该矿私自改变矿井生产系统和通风系统，无专用回风巷，系统不完善、不可靠，存在重大隐患
透水事故,空气压缩机为“三无”翻修产品，运行质量差，保护装置不齐全，积炭严重，引发了该设备的自燃和爆炸，是这次重大火灾事故的直接原因。
透水事故,该矿属技改矿井，其水仓正在建设，不具备联合试生产条件，而有关部门却批复同意其进入试生产阶段；
透水事故,突水点以上存有大量的老空区，老空区内存有大量的承压水，突水点处到老空区的防隔水煤柱宽度不够，在承压水长期的压迫和浸渗下，防隔水煤柱被突然冲垮，老空区内的水瞬间溃出，是造成这起透水事故发生的直接原因。
透水事故,矿井停电停风后，井下部分巷道瓦斯积聚并达到爆炸浓度界限，恢复供电后K7运输巷煤电钻综合保护装置失爆产生火花，引起瓦斯爆炸。
透水事故,超层越界、非法盗采。该矿被批准开采2号煤层，但却在矿井设计时就把煤仓布置到9号煤层，将主斜井打到 9号煤层。9 号煤层从 2005 年开始掘进，2006年3月开始生产，并通过井下打临时密闭制造假象，井上图纸和资料弄虚作假， 恶意逃避安全监管监督。 事故发生时，9号煤层共有10个包工队在10个掘进头出煤而且初步查明在9号煤层违规使用非防爆三轮车多达54辆。初步分析，瓦斯爆炸发生在非法盗采的9号煤层，9号巷道上部有煤尘参与爆炸形成的过火结焦现象。
瓦斯事故,水井湾煤矿2106工作面没有形成全负压通风，造成局部瓦斯聚积达到爆炸界限，矿工在2106工作面操作失爆的矿灯产生电火花，引起瓦斯爆炸。
透水事故,该矿20101回风巷掘进工作面附近小煤窑老空区积水情况未探明，且在发现透水征兆后未及时采取撤出井下作业人员等果断措施，掘进作业导致老空区积水透出，造成+583.168m标高以下巷道被淹和人员伤亡。
透水事故,该矿违反技术改造初步设计，擅自在老空边界开掘一探巷采煤，导致老空积水溃出，是事故发生的直接原因。
透水事故,该矿地质勘探资料与实际水文地质情况有差异，对奥灰水防治工作认识和措施不到位。该矿地质资料显示水文地质条件简单，建设、施工、监理、设计等单位思想麻痹大意，尤其是该矿2007年12月轨道大巷发生奥灰水涌水淹井后，未引起相关单位的高度重视，没有采取有针对性的奥灰水防治措施。
火灾事故,立胜煤矿中间立井三道暗立井内敷设的非阻燃电缆老化破损，短路着火，引燃电缆外套塑料管、吊箩、木支架及周边煤层，产生大量有毒有害气体，造成人员窒息伤亡。
爆炸事故,"该矿为高瓦斯矿井,在地质构造复杂三水平南二石门15号煤层探煤巷,爆破作业诱发煤(岩)与瓦斯突出;突出的瓦斯逆流进入二段钢带机巷,在二水平南大巷与新鲜风流汇合,然后进入二水平卸载巷附近区域,达到瓦斯爆炸界限,卸载巷电机车架线并线夹接头产生电火花引起瓦斯爆炸。"
爆炸事故,一是爆破作业中，违反《煤矿安全规程》相关规定，深孔松动爆破岩石时，安全警戒距离小于200米，直接造成200米范围内的4人当场死亡；二是火工品管理混乱，大峰矿有炸药库，承包方广东宏大爆破股份有限公司也有炸药库，大峰矿对其发放炸药量领取自由，无退库记录。事发前，曾经一次领取雷管4500发，只使用几百发，有大量雷管炸药未退回矿方炸药库；三是采取的硐室加强松动爆破（大爆破）作业技术上存在问题；四是甲乙双方工程承包机制不健全，甲方对乙方的施工安全监督管理不到位。
瓦斯事故,事故区域通风系统不稳定，301采煤工作面风量分配不合理，导致左工作面风量明显不足，遇有地质构造及周期来压，大量瓦斯涌出，达到爆炸界限，工人违章放“糊炮”崩大块岩石产生火焰引爆瓦斯。
瓦斯事故,同华煤矿三采区安稳斜井揭煤工作面所揭的K3煤层为突出煤层，在“四位一体”（即突出危险性预测、防治突出措施、防治突出措施的效果检验、安全防护措施）综合防突措施落实不到位的情况下，违章放炮作业诱导了煤与瓦斯突出，放炮时未按规定撤人和关闭防突反向风门，造成人员伤亡。
瓦斯事故,屯兰矿这样一个高瓦斯矿井，12403工作面1号联络巷共37米长，有25米左右处于微风，导致瓦斯积聚，这是其一;第二是局部通风机和开关按规程设计应该在轨道下安装，结果2月5日安放在了1号联络巷下;第三，瓦斯检查是在风机的吸风口进行的，没有检查到开关和电器附近，没有在25米瓦斯积聚的地方检查，事故直接原因就源于这三个方面。开关内部爆炸，引起瓦斯爆炸，又引起瓦斯抽放管爆炸，连锁反应导致这样一起重大、惨痛的事故。
瓦斯事故,2152回采工作面开来煤层具有煤与瓦斯突出危险性。开采之前，没有进行区城性瓦斯预抽，局部防突措施不到位，没有消除煤层煤与瓦斯突出危险性。作业人员拆棚开采时，护护顶不及时，顶煤煤诱导了煤与瓦斯突出。作业人员发现煤与瓦斯突出预兆后没有及时敝离，造成人员伤亡。
瓦斯事故,非法违法组织生产。按照河南省有关规定，该矿应在隐患整改完成后再进行技术改造，技改完成后方能进行生产活动，但该矿置政府法令于不顾，擅自打开密闭，非法组织生产，且存在长期非法越界盗采的问题。
火灾事故,该矿采取压入式通风，防灭火检测手段落后，未能及时发现煤炭自然发火征兆；易自燃煤层永久巷道锚喷封闭不严，存在自然发火条件；该矿进风井第四联络巷煤层自燃引发火灾事故。
瓦斯事故,二平巷掘进工作面与一平巷的六上山采空区煤柱小于最小爆破抵抗线，六上山采空区瓦斯积聚的浓度达到爆炸界限，掘进工作面爆破引起采空区瓦斯爆炸。
瓦斯事故,事故区域通风系统不稳定，301采煤工作面风量分配不合理，导致左工作面风量明显不足，遇有地质构造及周期来压，大量瓦斯涌出，达到爆炸界限，工人违章放“糊炮”崩大块岩石产生火焰引爆瓦斯
透水事故,一是企业安全生产主体责任不落实。自2008年3月以来那读煤矿矿长一直缺位，安全管理混乱，没有按照要求开展安全生产百日督查专项行动。二是探放水措施不落实。违规使用煤电钻代替专用探水钻进行探水。三是现场管理混乱。该矿在4304工作面3个切眼先后发现透水征兆的情况下，未按规定撤出受水威胁区域的作业人员;事故发生前，盲目通知已经撤到安全地点的人员返回作业地点恢复生产。四是水文资料不清，水患排查治理不到位。该矿没有查清老空区积水和废弃小煤矿的积水情况，没有排查出重大透水安全隐患;发现多次透水征兆后，未采取措施进行彻底根治。
爆炸事故,井下违规存放非法购买的炸药，在潮湿、不通风的环境下热分解，形成自燃;燃烧产生大量一氧化碳、氮氧化合物等有毒有害气体，由于独眼井开采，通风混乱，导致井下作业的矿工中毒窒息死亡。
爆炸事故,凉水井煤矿违规建设、非法生产。该矿于2007年8月建成，在未取得采矿许可证、煤炭生产许可证、安全生产许可证，没有经过验收的情况下，两个综采工作面生产出煤。
爆炸事故,火工品管理极度混乱。该矿购买、储存非法私制炸药，井下火工品使用管理极度混乱，没有合规的爆炸材料库（已初步查明存在3个非正规爆炸材料库），没有井下火工品领用制度，没有专职放炮员，随意领取火工品；大量炸药和雷管混放，部分炸药和雷管提前装配，严重违反规程的规定。
瓦斯事故,（1）该矿开采的C5煤层顶、底板均为透气性差的泥岩，（2）煤层瓦斯含量大。（3）突出地点煤层变厚变软，倾角变大，并处于采掘应力集中区域，煤层瓦斯压力大，煤层内出现动力现象特征。（3）作业人员作业人员在瓦斯出现异常、有煤与瓦斯突出预兆的情况下违章放炮，诱发煤与瓦斯突出。
瓦斯事故,张家洲煤矿2煤层具有蝶与瓦斯突出危验性。事故地点2煤层遇构造竞化，厚度增大，又处于上次突出后应力集中区，加大了突出危险性。矿井浸有进行瓦断抽成，事故据进没有深取防突施，突出险性没有消除。作业人员没有处理工作面上方空顶，打钻动引起顶爆落，诱导了煤与瓦断突出。
瓦斯事故,高桥煤矿不按照矿井技术改造初步设计方案施工，擅自在非技术改造区域违法违规组织掘进，且在没有采取防治突出措施情况下，违章指挥作业人员在有严重突出危险的区域冒险作业。
瓦斯事故,思想认识不到位。落实习近平总书记关于安全生产重要思想有差距，红线意识不强；贯彻安全生产方针有差距，存在重生产，轻安全，重效益，轻安全的思想；贯彻落实《防治煤与瓦斯突出规定》和河南省政府煤矿瓦斯治理双十条有差距，采用顺层钻孔消突措施。
瓦斯事故,薛湖煤矿所采二2煤层为煤与瓦斯突出煤层，2306风巷掘进工作面具有突出危险性；掘进工作面遇断层，构造应力与地应力叠加，加大突出危险性；区域综合防突措施未能消除突出危险；综掘机割煤扰动诱发煤与瓦斯突出。
顶板事故,开拓二队当班工人王刘杰在刨挖舍帮侧第51道抬棚下端单体液压支柱柱脚下活碴时，中间和上端单体液压支柱初撑力不足，下端单体液压支柱倾斜，造成顶梁下端向舍帮侧旋转，顶梁上端以该抬棚中间支柱为轴心向外旋转移动，捆绑上端单体液压支柱与顶梁的铁丝崩断，上端单体液压支柱歪倒砸中王刘杰头部，导致事故的发生。
瓦斯事故,没有执行停产整顿指令。2016年12月12日兴峪煤矿被责令停产整顿，12月29日批准进行隐患排查治理，但12月12日至29日期间，该矿每天都领取和使用民爆物品，共使用炸药776公斤、雷管930发；发生事故的掘进工作面没有列入隐患整改方案，属于擅自施工。
顶板事故,11011采煤工作面采用单体支柱放顶煤开采工艺，在过废弃老巷时没有采取安全防护措施，违章指挥工人冒险拆除老巷U型钢支架，引起顶板冒落，造成老空区泥浆、碴石溃出。
瓦斯事故,存在重生产、轻安全，防突意识淡薄，违章指挥、违章作业，突出鉴定工作有漏洞等问题。
顶板事故,一是矿井未严格执行作业规程和安全技术措施；二是工程质量较差，巷道支护强度不够；三是斜巷掘进过断层顶板破碎带，未采取防倾倒冒顶专项措施；四是安全管理松懈。
顶板事故,部分安全管理人员在明知存在安全隐患或安全隐患未消除的情况下，未及时停工停产安排整改消除隐患，仍然违章指挥工人继续作业。
顶板事故,现场安全管理人员和各级带班领导对作业规程、措施的现场落实情况监督不力，安全检查和隐患排查、交接班检查流于形式，不能发现存在的安全隐患，对发现的安全隐患未进行跟踪管理，未督促落实整改；现场安全管理职责不清，施工现场劳动组织混乱，对工人违章作业不制止。
顶板事故,制订的技术措施不符合相关规定和要求，且未及时进行修改、完善；措施针对性不强，不能有效解决现场出现的安全隐患；作业规程、技术措施审批把关不严，存在漏洞，且有随意更改的情况。
顶板事故,安全培训不到位；对作业规程贯彻学习走过场，学习效果差；职工安全意识差，自保互保意识不强，对违章施工、冒险作业行为熟视无睹。
顶板事故,存在重生产、轻安全，安全管理松懈的现象。安全生产责任制和隐患排查等制度落实不严格
瓦斯事故,长虹公司为煤与瓦斯突出矿井，所采二1煤层为突出煤层; 二1-21010机巷掘进工作面在出现了喷孔、顶钻等突出预兆，实际已进入突出危险区，未采取区域综合防突措施，没有消除突出危险性，继续掘进作业，工人修棚打穿杆作业扰动煤体，诱发煤与瓦斯突出。
透水事故,东翼采煤队南上山掘进工作面迎头放炮后将南上山与大峪沟炭煤矿老空积水区贯通，老空水伴随着老空积水区内的CO2、H2S、CH4等有毒有害气体涌入南上山和西巷掘进工作面，现场作业人员因吸入有毒有害气体导致伤亡。
瓦斯事故,矿井生产地质工作不到位，未搞清断层产状及影响范围等基础资料。
火灾事故,该矿违反《16091下付巷底抽巷穿层钻孔设计及施工方案》中“16091底抽巷采用2部钻机施工”的规定，16091底抽巷实际采用3部钻机同时作业。
透水事故,经初步分析判断，事故的直接原因该矿防治水工作不落实，废弃井筒与上部采空区联通，复采工作面运输巷布置过近，一个采面机巷附近一废弃井筒内的积水，随着时间原因的增加不断积聚，积水压力超过巷道支护力量极限，造成积水突然溃出。
瓦斯事故,在具有突出危险性的16031回风巷掘进工作面，尽管实施了区域和局部综合防突措施，但受该区域特殊、复杂地质条件的影响，尤其是马坊泉断层带的影响，煤体结构、地应力发生异常变化，加之采动引起的集中应力区范围的变化，综合防突措施仍未能完全消除突出危险。16031回风巷3号上帮抽采钻场掘进工作面前方煤岩体受多种应力叠加作用，积聚的能量超过了其抵抗极限，导致发生了煤与瓦斯突出。
瓦斯事故,非法违法组织生产。按照河南省有关规定，该矿应在隐患整改完成后再进行技术改造，技改完成后方能进行生产活动，但该矿置政府法令于不顾，擅自打开密闭，非法组织生产，且存在长期非法越界盗采的问题。
瓦斯事故,一是发生事故的工作面曾于2008年8月1日在掘进机巷时发生重大煤与瓦斯突出事故，造成23人死亡，但事发矿没有真正吸取教训，以致再次引发特别重大煤与瓦斯突出事故;二是事发矿落实安监总局《防治煤与瓦斯突出规定》不严格、不认真，实施区域防突措施不到位，没有消除突出危险，在实施局部“四位一体”防突措施时发生突出事故;三是在采取施工防突措施期间，井下人员集中，劳动组织不合理，造成重大人员伤亡。
瓦斯事故,矿井没有认真落实煤矿防突规定和企业内部防突要求。一是没有严格按照区域防突设计进行施工；二是没有落实局部防突要求；三是不按防突规定进行现场防突预测。
爆炸事故,煤矿在井下私自储存了两吨多的炸药。
爆炸事故,严重非法违法组织生产。该矿已被河南省人民政府确定为关闭矿井，而且采矿许可证等证照已经过期，地方政府已责令其停产，并采取了断电措施。但该矿拒不执行停产指令，私自接通电源，继续违法组织生产。
瓦斯事故,该矿违法在二1煤1102回风巷工作面掘进，由于区域和局部综合防治瓦斯突出措施不落实，在施工瓦斯排放钻孔时诱发煤与瓦斯突出；突出的瓦斯逆流至副斜井井口，遇明火发生爆炸，并引起瓦斯燃烧。
透水事故,（一）资源整合筹建处没有认真履行安全管理职责，对该矿安全管理不力，没有及时督促解决该矿存在的重大事故隐患，对该矿的违规生产行为没有采取有效措施予以制止。（二）对该矿安全生产管理重视不够，没有使该矿的人员素质、技术装备水平和安全生产水平得到实质性提高。
瓦斯事故,新华区四矿违法违规开采己组煤层，其201机巷顶板冒落导致局部通风机停风后，造成201掘进工作面内积聚大量高浓度瓦斯；违章排放瓦斯过程中致使瓦斯浓度达到爆炸界限；巷道内破损的煤电钻电缆短路产生高温火源引起瓦斯爆炸。
瓦斯事故,一是该矿在停产整顿期间拒不执行停产整顿指令，违法违规组织生产；二是存在超层越界开采行为，在批准的技改区域外组织生产，三是采煤方法落后，采用巷道式开采方式，采掘布置不合理，采用串联通风。
火灾事故,皮带机槽钢内侧长时间煤尘积累，能量逐步聚集，煤粉氧化，引起煤粉自燃。
透水事故,突水点（马庄煤矿一下山中部小溜子巷内的西拐巷正头）西部以上存有大量的老空区，老空区内存有大量的承压水，突水点处到老空区的防隔水煤柱宽度不够，在承压水长期的压迫和浸渗下，防隔水煤柱被突然冲垮，老空区内的水瞬间溃出，是造成这起透水事故发生的直接原因。
瓦斯事故,21431工作面采取了顺层钻孔预抽、岩巷穿层钻孔预抽、采空区上隅角埋管、高位顶板裂隙四种抽放方法，钻孔覆盖全部工作面，无空白带。根据测定报告，无论瓦斯压力、含量均符合要求，并且因为抽放充分，在回采过程中预测参数从未出现超标。本次突出前工作面瓦斯监控显示0.7%，并无异常。10月12日八点班，工作面突遇断层，该断层走向与下顺槽夹角42度，落差4米左右，在工作面中下部尖灭，向深部实体煤延伸。初步分析，本次突出与该地质构造有关，断层导通深部煤层瓦斯应力，并在断层处出现应力叠加，割煤机割煤时产生振动，诱导断层深部实体煤与瓦斯突出。
瓦斯事故,新丰二矿62011下副巷掘进工作面煤层具有突出危险性。在没有采取“四位一体”综合防突措施的情况下，打钻作业诱发了煤与瓦斯突出；该掘进工作面与62006采煤工作面串联通风，致使事故扩大。
瓦斯事故,平禹四矿12190机巷掘进工作面前方煤体松软，煤层由薄变厚，为瓦斯富集区；采取的防突措施没有消除突出危险，钻机施工瓦斯抽放孔引发突出。
透水事故,该矿违反技术改造初步设计，擅自在老空边界开掘一探巷采煤，导致老空积水溃出，是事故发生的直接原因。
瓦斯事故,平禹四矿12190机巷掘进工作面前方煤体松软，煤层由薄变厚，为瓦斯富集区；采取的防突措施没有消除突出危险，钻机施工瓦斯抽放孔引发突出。
瓦斯事故,思想认识不到位，未严格执行《防治煤与瓦斯突出规定》和省政府 “双十条”等有关规定，严格执行区域防突措施。
瓦斯事故,东升煤矿违法违规掘进11101巷道，诱发突出是导致事故发生的直接原因。
工伤事故,未对锚索外露过长部分采取安全有效的处理措施，而是采用铁丝系在顶板上，存在安全隐患，导致下弹伤人，是事故的直接原因。
工伤事故,使用3吨手拉葫芦处理链板机卡住的锚杆时，不按使用说明进行操作，而是用单链条进行起吊，野蛮操作，导致链条受力过大崩断
工伤事故,工作面顺槽提料眼上段气档处，翻越气档后，两人重新抬起，由于重物向下方甩动，导致行走不同步，蔡卫亮侧歪倒在底板上，腰部扛到自救器和轨道上，造成右肾挫伤
工伤事故,职工安全意识不强，一次卸两根棚梁，棚梁太重、太长（各根长4.5m， 30kg/m），职工操作时，没有能控制棚梁歪倒，是造成这起事故的直接原因
工伤事故,吊篮下滑速度过快，触及仓底矸石，造成两名乘坐吊篮人员及下口人员受伤。间接原因： 1.绞车司机对绞车性能掌握不熟，对关键环节未做到安全确认，导致离合没有完全合实是造成这起事故的直接原因
机电事故,违章指挥3名职工直接拆除耙矸机上的部分固定装置
工伤事故,现场作业人员使用5T电车头处理两辆叠加在一起的平板车时，对现场安全工作安排不细，对可能造成的安全威胁估计不足，是此次事故的主要原因
工伤事故,没有执行措施中有关转运材料时要轻拿轻放的规定，而是由班长李来喜采用打号子的方式4人同时将工字钢向底板扔。
机电事故,综采二队机电队长王某工作安排不到位、不仔细，与机电动力部间沟通不到位，在没有向机电动力部提出用电申请的情况下，安排杨某将电源私自接在恒安项目部的1140V动力电上，是本次事故的主要原因；
机电事故,班长张某安排工作不详细，组织安排不到位，是事故发生的主要原因；
机电事故,综采二队电工罗某，检修期间没有依照《煤矿工人技术操作规程》对电气设备检进行认真的检查，是本次事故的主要原因；
机电事故,综采一队绞车司机赵某开绞车前未严格执行《绞车运行前的管理和维护办法》仔细对绞车进行检查，是本次事故的主要原因；
机电事故,机电队队长陈某未按照《井下管路、线缆吊挂规定》及时落实此段管路的加固处理工作， 是事故发生的直接原因；
机电事故,当班班长挑顶放炮未严格按《40110运顺挑顶安全技术措施》施工，放炮前未对放炮地点前后管路进行防护、加固处理，是事故发生的主要原因；
机电事故,大巷一部皮带司机李某工作责任心不强，在皮带正常运行时未按照《皮带机司机岗位须知》起到监护作用，是事故发生的主要原因；
机电事故,跟班队长陈某工作安排不详细，现场管理不到位， 是事故发生的直接原因；
机电事故,机尾看护工曹某工作责任心不强，未能及时发现坏刮板倒进底槽，是事故发生的主要原因；
机电事故,班长吴某没有及时采取有效措施进行拉移支架；
机电事故,工作面走下山，刮板输送机不平直，机尾高机头低，煤机向机尾割煤时阻力大，是事故发生的直接原因；
机电事故,综掘一队当班值班队长杨某私自安排将旧螺丝、旧官股带下井，是本次事故的主要原因；
机电事故,综采二队管理不到位，未严格执行《大块煤、矸、铁器上皮带的规定》对挑顶作业过程安排不周全，是事故发生的主要原因；
机电事故,动筛车间皮带司机沈某，开皮带前巡查不到位，未发现501皮带上打有夹板，是本次事故的主要原因；
机电事故,"运输队车辆管理存在漏洞，未安排专职人员看护车辆,也未安排人员巡查车辆修理区，是事故发生的主要原因；"
机电事故,司机不能熟知《皮带机司机岗位须知》，操作不当，皮带松紧未检查就开机，是事故发生的主要原因
机电事故,在机尾堵塞后，未引起端头工乔某、田某的足够重视及时进行处理，是造成此次事故的直接原因；
机电事故,综采队在拉设40106回风顺槽超前支架，未提前将上隅角甲烷及一氧化碳传感器缆线回撤充足，是造成此次事故的主要原因；
机电事故,综采一队跟班队长张某工作安排不到位，开机前未认真进行检查，是本次事故的主要原因；
顶板事故,白马山煤矿实际控制人苏衍池违法组织人员入井采煤；作业地点为褶皱构造的轴部，煤层顶底板受褶皱构造影响，存在隐性裂缝、脱层，容易滑落；发生事故地点处于采煤小眼开口处，未采取抬棚支护措施，架设的支架，未进行连杆加固，易造成倒棚；作业人员采用电镐掏煤，破坏了围岩的稳定性，造成顶底板滑落，导致垮落的大重量岩石推倒支架，并将正在装煤作业的人员埋压死亡。
顶板事故,白马山煤矿拒不执行停产指令，非法组织采煤。白马山煤矿证照不齐，已被依法责令停止一切生产活动，并列入2018年去产能退出矿井，但该矿拒不执行下达的停产指令，违法违规组织煤炭生产。
瓦斯事故,鲤坑煤矿西采区主井以改建项目为名，采取虚假密闭等手段，长期越界盗采煤炭资源，在不具备安全生产条件下，-100m区段没有形成通风系统，长期微风、循环风作业，在氧气含量低等情况下组织作业人员冒险蛮干。-100m-43#西采面切眼掘进面位于应力集中区域的小背斜轴部，巷道采用木头点柱支护，支护强度低，工人采用电镐落煤，在煤层底部掏挖，造成集中应力失衡，引发煤炭压出。煤炭压出后，导致甲烷、二氧化碳等气体和煤尘瞬间涌出，并向下部-100m区段巷道扩散，引起氧气浓度急剧下降，造成事故发生。
顶板事故,306采区-100-39#采煤工作面顺槽迎头煤层较厚，煤质疏松，易片帮垮落；点柱柱距超宽，煤壁未背帮，顺槽未设置隔板将溜煤和行人分开，作业点未设置护身挡煤板，反眼口宽度不足，顺槽坡度20°～25°，易堵塞；作业人员违章冒险在顺槽迎头进行掏挖作业，导致迎头煤壁片帮大量煤炭垮落，将反眼口堵塞，造成作业人员被垮落的煤炭埋压窒息死亡。
运输事故,综放队职工赵广会扳道岔至弯道后，未发现道岔不密贴，致使支架车运行至道岔处，撞击岔尖受阻停车，使用北翼采区运输巷绞车牵引支架车时误入直道，受到钢丝绳侧向拉力掉道，将设置警戒站位不当的赵广会挤伤致死，是造成此次事故的直接原因。
瓦斯事故,东井宏圣五队当班机组司机，岗位责任意识淡薄，注意力不集中，未认真观察瓦斯管路吊挂情况，在起底时机组临时支护固定销不慎挂住瓦斯管路接头，将接头挂掉，是造成本次事故的直接原因。
机电事故,金成矿建岩掘一队一组司机运输安全意识差，未观察周围运输路线环境，倒车往工作面送料时，遇到水槽未减速慢行，车上最上一层钢筋网片受颠簸弹起将风筒挂破，是造成本次事故的直接原因。
机电事故,王台综掘准备队跟车工张某，安全意识淡薄，未按措施要求使用吊链进行卸车，导致自卸管路将开关碰坏，对本次事故负直接责任。
机电事故,井下机电工区西主井135架下台阶上的猴车托索轮耐磨套，被乘坐猴车人员碰下，滚落至井底，是造成本次事故的直接原因。
机电事故,连掘一队早班铲车司机秦某某在装车过程中，注意力不够集中，不慎将巷道内的瓦斯抽放管路三通撞坏，抽放站瓦斯浓度下降。
机电事故,8841豹狮人车长时间运行未对排气系统积炭进行清理，致使防火栅栏堵死，车辆倒车时压力增大，防火栅栏喷出的火星引燃二级冷凝器上积炭，顺排气管喷出，是造成本次车辆喷火的直接原因。
机电事故,综掘准备一队职工成某，辅助运输安全意识差，无证私自驾驶其它单位叉车叉油罐，不慎将空气加热室的热媒管路截止阀撞坏，是造成本次事故的直接原因。
运输事故,在没有清人的情况下，锚杆机司机也未观察前方是否有人，违反《2305尾巷掘进作业规程》和《锚杆(索)机操作补充安全技术措施》，驾驶锚杆机调机，将安监工轧伤，是造成这起事故发生的直接原因。
工伤事故,班长选择起吊位置不当，检修结束后，未将车辆放下，安排工作不详细，致使原某某违章进入被起吊的车辆下拽管，牵引钩被拉断，车辆落下将原栋强砸伤，是造成本次事故的直接原因
工伤事故,运安工区5501车司机徐某某充气时，未将倒档摘掉，便加油门，导致5501车向后倒退，操作失误，将武某某挤住、是造成本次事故的直接原因。
工伤事故,运安工区司机秦某某在向检修硐室调车过程中，违反工序管理中关于“启动前鸣号示警，确保车辆周围无人”的规定，盲目启动车辆，同时调头过程中车速过快、操作不当，是造成本次事故的直接原因。
工伤事故,职工李某某安全意识不强，在乘福田人车时思想不集中，被杂物拌倒，是造成本次事故的直接原因。
工伤事故,三轮车司机卢某某安全意识差。三轮车停放位置不当，将三轮车长时间停放在主要运输巷内，给各种大型车辆通行造成安全隐患；处理三轮车过程中，安全自保意识差，在支架车后退时没有撤到安全地点，致使自己被挤伤。
工伤事故,"西回风大巷4#横贯6寸压风管龙门架距离地面高度为2.2米，跟车工坐的铲车液压油箱距离地面高度为1.85米，高差为0.35米,铲车通过压风管龙门架时，铲车司机朱某某互保意识不强,违章强行通过压风管龙门架，将跟车工王某某挤伤,是造成本次事故的直接原因。"
工伤事故,通风科瓦检工安全意识淡薄，检查完瓦斯后半躺在巷道边板梁上休息，自保意识不强，车辆倒车过程中没有及时避让，对本次事故负主要责任。
工伤事故,连掘一队跟班干部安全意识淡薄，无证驾驶铲车，对铲车操作不熟练，致使铲车在下坡时突然熄火滑行，本人被甩出车外身体多处受伤，对本次事故负直接责任。
工伤事故,运安工区安装队在1305工作面安装期间，向工作面送液前，未将液压管捆绑、固定，送液后液管崩断、弹起将清煤人员打伤，是造成第一起事故的直接原因。
工伤事故,运安工区当班胶轮车司机，安全意识淡薄，违章用胶轮车顶矿车，将正在连车的人员挤伤，是造成这次事故的直接原因。
工伤事故,23064巷39—40#横川为上坡路段，坡度约为2-30，路面倾斜，北高南低有坡度，又由于回收队在此处施工锚索，造成此处地面湿滑，密闭队铲车司机未执行《寺河矿辅助运输管理制度》中“车辆行至20米处停车等待施工人员撤离安全地点(就近巷道或走到车辆尾部后10米处)方可通行”的规定。违章驾驶车辆通过，是造成本次事故的直接原因。
运输事故,运输二队人车司机，岗位责任心差，上班驾驶车辆期间，精神萎靡，注意力不集中，打瞌睡，导致车辆撞在巷道帮上，是造成本次事故的直接原因。
工伤事故,运输一队人车司机，自保意识淡薄，上班驾驶车辆期间，精神萎靡，注意力不集中，打瞌睡，且驾车时违章将左手搭在车门上方，车辆方向失控驶向巷帮时，应急处置不当，将左手托至巷帮，导致左手骨折，是造成本次事故的直接原因。
机电事故,班长王某自主保安意识不强，违反装载机作业规程及安全技术措施规定，违章使用装载机在7°以上坡度的掘进巷道进行运料作业，在倒车时车辆撞倒喷浆机后翻车，装载机将其本人重压致死，是造成此次事故发生的直接原因。
运输事故,胶轮车司机自主保安意识不强，违章操作，车辆在过风门时未熄火、未打眼，下车开风门时，车辆溜车撞住风门，风门夹住其头部致其死亡，是造成这起事故发生的直接原因。
运输事故,推煤机司机在油路未畅通的情况下违章起动推煤机后退，并在推煤机停止后退后、发动机未熄火、挡位未挂至空挡的情况下，又违章离开驾驶室开启供油阀，推煤机突然起动后退，不慎掉入运行的履带上，被挤压、挂伤后，又掉到左履带外侧煤山上，被推煤机铲板压轧至死，是造成本次事故发生的直接原因。
机电事故,18 点班小班安检工兼验收员违章进入正在清运煤的33024 巷时，铲车司机未能及时发现，被运行中的铲车推倒致死，是造成这起事故的直接原因。
顶板事故,现场作业人员在对 50206 回风顺槽修复过程中，违反由上 向下、逐排推进的作业顺序、一次性扩帮进尺过大，执行巷道维护安全技术措施不到位，造成局部巷道顶部锚杆、锚索破断 失效，顶板失稳，瞬时冒落，是造成这起事故的直接原因。
运输事故,朝阳煤矿井下18004轨巷里段上山掘进出碴下放重车时，挂着倒拉滑轮盘的地锚桩突然从锚孔脱出，造成矿车溜车，在巷道落平后沿轨道快速往前溜行，撞倒挂钩工韦海燕，造成其受伤致死。
顶板事故,桧树亭煤矿主斜井工作面爆破后围岩离层，未采取临时支护措施，张华堂违规进入空顶区域捡拾雷管脚线，顶板岩石垮落砸伤致死。
顶板事故,1378综采工作面末采期间遇地质构造、铺网不到位，作业人员未按规定掺贴帮支柱，在违规进入采高达3.3m的煤壁侧进行补搭接金属网作业时，发生煤壁片帮、顶板漏矸，将其掩埋，导致事故发生。
瓦斯事故,厚信煤业在11031采煤工作面采止线以西违规布置采煤作业点，违章裸露爆破处理2#立眼上口堵塞的大块煤矸，引爆积聚瓦斯，导致事故发生。
运输事故,主斜井箕斗在提升过程中，张某兴未执行“行车不行人、 行人不行车”的规定，行车时违章在喷浆机旁进行接管作业，被向上提升中的箕斗与喷浆机双向挤压后，受伤致死，是造成 这次事故发生的直接原因。
运输事故,综采队带班副队长赵某兰违反运架安全技术措施规定，违章站在钢丝绳的反弹范围内发信号指挥开动绞车、观察移架，由于支架钻底、阻力增大，连接支架和钢丝绳绳头的圆环链中一个圆环受力过大断裂，钢丝绳及钩头反弹将其打伤致死，是造成此次事故的直接原因。
顶板事故,11125上段采煤工作面出现地质构造，顶板发生变化；作业人员违章近距离回柱作业时，顶板突然垮落，垮落物将其大半身压住，导致事故发生。
顶板事故,3901采煤工作面放炮后，在移架过程中，从业人员冒险站在空顶处，被片帮垮落的煤(矸)击倒后掩埋窒息致死。
瓦斯事故,该矿非法越界组织生产，121701 炮采工作面采用非正规采煤方法，采用局部通风机供风进行采煤，违规串联通风、循环 风，工作面微风作业，造成瓦斯积聚并达到爆炸浓度界限，违 章放炮产生火焰引起瓦斯爆炸。
瓦斯事故,603东顺槽因抽采不达标，超出允许控制范围掘进，违章作业造成的煤与瓦斯突出事故。
顶板事故,在处理-350米标高水平中央区15#煤层右三面皮带道断层冒落区域工字钢棚时，没有采取可靠措施，顶板破碎岩石冒落导致事故发生。
火灾事故,15#层-140运输平巷石门口处变压器至馈电开关之间低压橡套电缆被冒落的岩石砸伤，绝缘损坏，造成相间短路，电缆着火，引燃周边可燃物及煤壁，导致火灾事故发生、人员中毒窒息死亡。
瓦斯事故,庆兴煤矿违法违规组织生产，蓄意隐瞒作业地点，在+214m标高三段十一路采用国家明令禁止的巷道式采煤方法，未形成全负压通风系统，造成瓦斯积聚，违章放炮引起瓦斯爆炸。
瓦斯事故,肖家湾煤矿非法违法开采区域的10号煤层提升下山采掘作业点和+1220米平巷下部8号、9号煤层部分采掘作业点无风微风作业，瓦斯积聚达到爆炸浓度；10号煤层提升下山采掘作业点提升绞车信号装置失爆，操作时产生电火花、引爆瓦斯；在爆炸冲击波高温作用下，+1220米平巷下部8号和9号煤层部分采掘作业点积聚的瓦斯发生二次爆炸，造成事故扩大。
瓦斯事故,八宝煤矿忽视防灭火管理工作，措施严重不落实，-4164东水采工作面上区段采空区漏风，煤炭自燃发火，引起采空区瓦斯爆炸，爆炸产生的冲击波和大量有毒有害气体造成人员伤亡。
瓦斯事故,603东顺槽因抽采不达标，超出允许控制范围掘进，违章作业造成的煤与瓦斯突出事故。
瓦斯事故,桃子沟煤业有限公司违法违规组织生产的3111采煤工作面6支巷采煤作业点区域处于无风微风状态，瓦斯积聚达到爆炸浓度；放炮后，残药燃烧，引爆积聚瓦斯。
瓦斯事故,采后封闭的Ⅱ7322收作面采空区内瓦斯积聚达到爆炸界限；DF48断层、Ⅱ7322收作面密闭墙、Ⅱ8222外段机巷放水孔、Ⅱ7322收作面机巷瓦斯抽采钻孔等漏风，造成Ⅱ7322收作面采空区遗煤自燃；氧气达到瓦斯爆炸所需浓度，引起Ⅱ7322收作面采空区内瓦斯爆炸。
瓦斯事故,矿井6煤为突出煤层，21采区-220m中石门因断层构造引起煤层局部变厚，突出危险性加大。揭煤前没有探明6煤层构造变化和煤层赋存情况，没有采取防突措施消除煤层突出危险性，放炮诱导煤与瓦斯突出。工作面进风侧没有设置防突反向风门，突出后瓦斯逆流至行人上山并稀释达到爆炸浓度。撤退人员慌忙从架空乘人装置吊椅上跳下时，导致装置脱离托辊运行，吊椅与地面台阶碰撞摩擦产生火花，引起瓦斯爆炸。
机电事故,高压乳化液喷出，导致正坐在该高压胶管上操作该支架的一名工人受伤，经抢救无效死亡
爆炸事故,该矿地面煤仓底部及煤场转载皮带走廊相对封闭，长时间转运煤炭导致瓦斯煤尘逐步积聚，因磁力启动器动作产生火源，造成瓦斯煤尘爆炸。
顶板事故,该矿在拆除原12001工作面外联巷上段支架过程中，工人违章作业，导致巷道发生冒落，压倒端头外5架支架，埋住3名现场作业人员。
顶板事故,14141综采工作面东顺槽底板注浆钻场和工作面安全出口交界处顶板压力大，作业人员在该处更换抬棚梁时，未进行先行支护就将原抬棚单体液压支柱泄压，致使原抬棚区域顺槽梁所受压力突然增大，造成支撑第三架顺槽梁的西侧单体液压支柱滑到，顺槽梁下落砸中一名工人，经抢救无效死亡。
瓦斯事故,该矿为煤与瓦斯突出矿井，所采二1煤层为突出煤层；二1-21010机巷在出现喷孔、顶钻、响煤炮等突出预兆，实际已进入突出危险区域后，未采取区域综合防突措施，仍采用抽排瓦斯的局部防突措施，没有消除突出危险性；违章指挥工人冒险作业，在修棚打穿杆时扰动煤体，诱发煤与瓦斯突出。
运输事故,绞车司机违章采用提升绞车调度32采区轨道下山上车场内的串车，把钩工违章使用自制的“S”形挂钩连接提升绞车绳头及串车，并用手扶“S”形挂钩随车倒退行进，串车首车与停在车场弯道段重车道上的重车相撞，尾车下道侧翻，将随行的把钩工挤压在巷道帮壁，导致事故发生。
运输事故,方家敏擅自违章进入二级轨道下山行走，被正在该巷串车的3辆脱销飞车中的1辆车架撞到压住，受伤致死。
顶板事故,现场作业人员李靖、尹允社违章作业，严重违反作业规程中“调架时必须坚持先支后回的原则”、“不得随意扩大调架空间”、“倾斜木抬棚必须动态保持一梁四柱”、“进支架时遇到柱子，人应在支架下回柱”等规定，违章提前回撤调架区域的单体液压支柱，严重降低了该区域支护强度，导致顶板冒落，造成了自身伤害。
顶板事故,端面临时支护未执行作业规程规定，端面滑落的矸石砸中一名职工胸部致死。
顶板事故,维修工作面突然垮冒的大量煤矸，冲倒支架，将正在下方的2名作业人员掩埋致死。
瓦斯事故,西六采区三水平主运巷4#钻场石门揭煤后，没有采取有效措施，周边煤体的应力分布发生变化导致煤体支承强度减弱，在煤体自重、地压、瓦斯压力多因素耦合作用下，发生了煤与瓦斯突出事故。
瓦斯事故,二段左零路35#层采煤工作面下巷采后留巷内微风，采空区瓦斯涌出，造成留巷内瓦斯积聚，在留巷内的人员作业时将JD-25调度绞车馈电开关刮倒，致使馈电开关内电源线相间短路，产生电火花，引燃巷道内瓦斯，导致事故发生。
顶板事故,作业人员在采煤工作面跟机挂梁时，未执行敲帮问顶制度，在破碎顶板下掺设临时支柱，被突然冒落的矸石砸伤，经抢救无效死亡。
顶板事故,3216对拉采煤工作面西工作面机尾段顶板破碎未加强支护，采煤工郑云华在该处作业时未对顶板破碎段的支护和支柱漏液等情况进行检查，顶板突然垮落，导致事故发生。
顶板事故,31112综采工作面端面距超过《作业规程》规定，大面积空顶导致顶板冒落，冒落物冲垮挡矸防坠设施，冲击到正在下方作业的人员，导致事故发生。
瓦斯事故,新维矿3106运输顺槽顺层钻孔施工违章串联通风，抽采队1#钻机作业人员在出现卡钻情况下强行施钻，钻具与钻孔中的煤屑和硫铁矿结核摩擦产生高温将孔内煤屑和瓦斯引燃，产生CO和H2S等有毒气体，致1#钻机回风侧人员出现中毒现象，武兴龙中毒死亡，造成事故。
顶板事故,地质构造带未采取加强顶板控制措施，作业人员在有地质构造、顶板破碎地段进行回柱作业，未按规程要求回柱前对现场作业环境认真检查和加固支护，顶板垮落，煤矸将作业人员掩埋造成事故。
运输事故,带班矿长罗远辉违章驾驶机车、违规调车，造成矿车掉道，并在无人监护的情况下用手拉葫芦违章处理掉道矿车，矿车重心偏移侧翻，将其挤压在机车尾部碰头部位，导致事故的发生。
瓦斯事故,是非法违法组织生产。按照河南省有关规定，该矿应在隐患整改完成后再进行技术改造，技改完成后方能进行生产活动，但该矿置政府法令于不顾，擅自打开密闭，非法组织生产，且存在长期非法越界盗采的问题。
透水事故,该矿在停产整顿期间违法违规擅自安排人员在井下南翼采煤工作面作业，揭穿采空区导致透水。
瓦斯事故,主平硐以里约150米处的简易爆炸材料硐室内存放的炸药发生燃烧与爆炸，产生大量有毒有害气体，导致井下作业人员中毒伤亡。
机电事故,陈某不听劝阻违章滞留在耙装机前方，空耙斗运行过程中，受阻跳起侧翻撞在陈某的左胸部，是造成事故的直接原因。
火灾事故,立胜煤矿中间立井三道暗立井内敷设的非阻燃电缆老化破损，短路着火，引燃电缆外套塑料管、吊箩、木支架及周边煤层，产生大量有毒有害气体，造成人员窒息伤亡。
透水事故,103回风巷上部存在大面积老空积水，煤矿违规在安全隔水煤柱中掘进四号上山，人工手镐挖掘导致老空积水压溃煤壁发生透水事故。
运输事故,18 点班小班安检工兼验收员违章进入正在清运煤的33024 巷时，铲车司机未能及时发现，被运行中的铲车推倒致死，是造成这起事故的直接原因。
工伤事故,连采二队当班铲车司机安全责任意识淡薄，互保能力差，未待跟车工将风门完全开启撤离至安全地点的情况下，违反“行车不行人，行人不行车”辅助运输管理规定，违章驾驶车辆通过风门时，不慎将其挤伤，是造成本次事故的直接原因。
工伤事故,运输二队芬雷车司机安全意识不强，运输线路存在安全隐患未及时发现、停车处理，并且在车辆上坡过程中，也未及时发现巷道内浮煤和煤泥将支架底座推移油缸推移棒固定杠顶脱，推移棒落地顶住路面后，支架前梁由于惯性前移，将跟车工碰住致伤，是造成本次事故的直接原因。
机电事故,现场风险管控措施、隐患排查不到位，未能认识到用手清理出渣口的危害性。
机电事故,死者朱某安全意识淡薄，违章蛮干，由于耙装机没有导向轮，导致钢丝绳排列不齐，主绳咬绳后，朱某强行操作耙装机拉咬绳，造成耙装机上料槽与主机连接部位断裂脱落并发生侧翻，挤伤朱头部，是造成这起事故的直接原因。
运输事故,皮带清理工王某在向司机发出皮带信号准备启动皮带检查卡子的同时，清理皮带机头滚筒部位浮煤，皮带机启动后仍继续违章作业，身体被皮带卡子挂住，卷入皮带与主驱动滚筒之间，是造成这起事故的直接原因。
机械事故,公司炼焦车间乙班J103皮带操作工王某，本工种工龄35天。王某虽经过三级安全教育培训和考试并且合格，但因工作时间短，安全意识差，自我保护能力不强，在清扫卫生过程中违反安全操作规程(第5.5条明确规定：禁止在机械运转时清扫机头、机尾、机架、滚筒上下及附近的焦粉，以防发生绞伤事故)，在皮带运转的情况下，清理机尾焦粉时，被皮带挂碰，同时王某在佩戴安全帽时，没有按规定系好下颚带，致使发生意外碰撞时，安全帽被碰掉，没有起到保护头部安全的作用，致使头部严重撞伤，这是导致死亡事故的直接原因。
运输事故,1、绞车司机李永严重违章操作，高速下行，不按规定及时减速，吊桶落底后听到停车信号方停车，造成井底余绳约10米。2、吊桶运行中人员在工作面违章穿过吊桶提升区域。
顶板事故,作业人员在未进行超前支护、敲帮问顶的情况下，违章进入空顶区，是造成这起事故的直接原因。
运输事故,"赵某1在挂主提升钢丝绳套时,虽将一头挂在提升钩头上,但另一头没有和钩头挂牢,造成主提升钢丝绳套一头和提升钩头脱落,致使主提升钢丝绳套从伞钻吊环中抽出。"
运输事故,吊桶担在下吊盘喇叭口时，吊盘主提信号工违章操作，用手拉动钩头保险销，导致吊桶脱钩；同时，由于中心回转抓岩机正在工作产生较大震动，致使吊桶脱离盘口坠落。
顶板事故,张井发、潘某进入无支护的煤壁侧作业，顶板突然冒落，是造成这起事故的直接原因。
顶板事故,7431采煤工作面煤壁突然片帮，死者黄某躲避时不慎后仰摔倒，后脑撞在综采支架底座过桥上，造成后脑及右侧背部严重受伤致死。
顶板事故,7504采煤工作面运输道顶板突然来压，下出口上帮抬棚支护强度不够，出口抬棚向上帮滑移，丌梁一端头滑脱，梁头击中唐某的头部，是造成这起事故的直接原因。
运输事故,信号工李某违章作业，站位不当，保险绳没有挂到应挂的位置，喷浆机跑车，是造成这起事故的直接原因。
运输事故,现场作业人员和指挥人员安全意识不强，违章指挥并违章开动皮带，是造成这起事故的直接原因。
机械事故,操作人员王某严重违反《安全操作规程》关于“固定刀具的楔铁、螺钉不准超出刀杆或套杆外圆；在机床未停稳时不准检查测量工件尺寸”的规定， 在操作镗床加工时，未使用固定刀具的专用楔铁，而是使用了两个高出主轴直径80毫米的梢铁(其中一个已当场拉断)，并在主轴未停稳的情况下进行测量工件操作，被梢铁挂住，致使头部撞在机床导轨上，是造成这起事故的直接原因。
顶板事故,作业人员未按规定进行支护作业，顶板冒落，摧垮副抬棚，将人员埋压致死，是事故发生的直接原因。
运输事故,人员在工作面刮板运输机机尾滞留，被从运行的工作面刮板运输机机尾防护罩检查口带出的构木顶在巷帮，撞击致死，是事故发生的直接原因。
机械事故,卫生清扫工李某，违章操作，擅自进入正在运行的7030机尾皮带下进行清扫工作，头部被运转的皮带带入皮带与滚筒之间，发生挤压，导致死亡，是造成这起事故的直接原因。
运输事故,绞车司机操作不当，违章操作，未在规定位置减速，违反项目部“吊桶过三盘时速度控制在0.3—0.5米/秒”的规定，以至吊桶全速冲上，撞到井架中梁，导致断绳坠罐，是这次事故的直接原因。
瓦斯事故,井筒停风以致瓦斯积聚超限，氧气切割井架二层平台横梁时，熔渣落入井下，导致井筒内部发生瓦斯爆炸。
运输事故,1、吊桶不标准，底面不平，与平板车面接触不实，另外吊桶底座圈直径小于吊桶外缘，导致吊桶稳定性差，是造成此次事故的主要原因。2、推车人员违反套内壁施工安全技术措施第四部分“施工方法”第八条规定“人工推车时，必须躲开左右两侧，严禁直接用手在吊桶前拉车。推车时，必须有人在旁边指挥，如发现有倾倒危险，及时指挥人员躲避”之规定。
瓦斯事故,3103南采煤工作面采空区顶板初次来压，导致工作面煤壁突然破坏垮塌，部分垮塌煤炭具有一定的弹射效应，垮塌和弹射煤炭在重力作用下经大倾角机道和人行道下滑，撞击、掩埋附近作业人员，堵塞工作面通道；垮塌煤炭残余瓦斯解吸释放，垮塌空洞周围和采场四周煤体瓦斯涌出，加之垮塌煤炭堵塞进风道使工作面及其进回风道处于微风状态，瓦斯浓度迅速升高，工作面及回风风流瓦斯浓度长时超限，进风风流瓦斯扩散回流。被垮塌煤炭掩埋的人员以及未被全身掩埋的人员窒息死亡。
顶板事故,顶板裂隙发育，工人蔡某在空顶下作业，被冒落的矸石砸倒，碰到锚杆机的把手上，割断气管而死亡。
顶板事故,工作面机尾段留设的护顶煤煤帮侧局部漏顶，处理漏顶的同时，在落山侧用单体支柱加带柱帽处理塑料网中下坠的顶煤，拉动支架，使其失稳倾倒，顶煤冒落，将人员砸压致死，是事故发生的直接原因。
透水事故,被贯通巷道2103运输下山存在重大安全隐患，巷道内存有积水。贯通前没有将该巷内的积水、淤泥排除。作业人员发现迎头煤壁有渗水征兆后，没有及时撤离现场，继续冒险施工。测量工作严重滞后，没有及时掌握施工进度，标定巷道掘进要素，巷道掘进施工质量差。
运输事故,1、新东四采区三甩道弯道处轨距大，曲率半径不符合要求，且没有轨距拉杆，致使料车掉道翻车。吕某违反《煤矿安全规程》规定，在料车两侧推车，推车位置不当。
运输事故,把钩工刘明宇为提前升井无证开车，在困乏迷糊状态下没有认真观看前方道况而导致电机车撞人。
运输事故,死者张某违章蹬勾头是造成事故的直接原因。
运输事故,1、信号工张某，在不清楚信号工操作规程的情况下，发出错误的提升信号，导致罐笼迅速升起，带动捆在罐笼上、且与井壁上管路相连的水泵，使井筒内的排水管路损坏，形成提升障碍，破坏了提升系统，是造成运输事故的直接原因。运输事故发生后，该项目经理未向公司汇报，急于救人，自行处理，且清除井筒障碍物不彻底，导致2人死亡，是造成事故扩大的直接原因。
运输事故,跟班队长褚某违章指挥无证人员姚汪钦开绞车，并违章蹬钩头，工人姚汪钦违章开绞车，是这起事故的直接原因。
运输事故,事故地点处在弯道处，对开时两列机车最突出部分间距仅为45毫米，且轨道接头高低差达10毫米，运行时造成两机车侧撞，是这起事故的直接原因。
顶板事故,在支护不完好的峒室内拉移耙斗机发生冒顶，作业人员被埋压致死，是事故发生的直接原因。
运输事故,绞车司机赵秀昌违反绞车操作规程，松车时中途松开工作闸以致绞车超速运行失控，加之死者张某在明知上口已松车的情况下，坐在行车道里，没有进入躲避硐，是造成这起超速过放矿车撞人事故的直接原因。
运输事故,放置在车顶上的保险绳与矿车固定不牢，矿车行至上口变坡点处从车上滑落，挂在挡车器横杆尾部，造成花车翻车。
顶板事故,第三现场组作业人员吴某、张某严重违反《作业规程》关于“回柱放顶邻茬间距不得小于15米”的规定，在回柱间隔距离只有4.4米的情况下违章回柱，致使第二、第三现场组作业区域顶板活动加剧，造成支架失稳，发生推垮型冒顶，是这起事故的直接原因。
顶板事故,8254回风巷顺山棚倾角21度，透窝处为高冒区，接顶不实，棚子没劲，李某处理时用肩扛托棚梁，操作不妥当，造成支架失稳，棚梁垮落。
运输事故,1、7069号卡车发动机左侧一根刹车油管接头处断裂，导致前后刹车压力释放，造成前车溜车撞后车(运输大卡车向后车溜72米)，是事故发生的直接原因。7027号卡车司机载货运行至1300坡道中，由于驾驶经验不足，安全自我保护意识不强，发现前车溜过来，判断失误，是造成事故发生的直接原因。
运输事故,作业人员在处理绞车纲丝绳乱绳过程中，违章站在绞车一侧，启动绞车，缠绕钢丝绳，同时用脚蹬绳，左脚被绞，拖入滚筒，将左腿根部撕裂致死，是造成这起事故的直接原因。
瓦斯事故,矿井停电停风后，井下瓦斯积聚达爆炸浓度。在31#主斜井与3123回风巷掘进头交岔口处休息的矿工携带的矿灯失爆产生火花，引起瓦斯爆炸。
瓦斯事故,主斜井掘进工作面遇地质条件变化、煤层变厚，出现突出预兆，防突措施不到位，未消除突出危险，工作面漏顶，诱发煤与瓦斯突出。
顶板事故,端面临时支护未执行作业规程规定，端面滑落的矸石砸中一名职工胸部致死。
机电事故,作业人员调试液压支架操作阀组时，未首先检查活动侧护板连接情况，且站在侧护板活动范围内操作，被弹出的侧护板砸中头部致死。
机电事故,朱某在检查7号开关接线质量前未进行验放电，带电作业，触电死亡。
机电事故,罗某在7229综采工作面运输机机头架正前方处理链条，准备将牵引链连接到老塘侧链条上时，处在受力状态的煤壁侧链条突然从链轮上滑脱弹出，打伤其背部致死。
机电事故,李某站在主井北勾装载闸门上处理故障时，因闸门受压失衡转动造成身体悬空，保险带未系牢固，从保险带内滑落坠落井底死亡。
顶板事故,伤者邢怀军在领钎点眼过程中，违章进入临时支护外的空顶区域作业，被左侧肩窝突然掉落的矸石砸伤。
机电事故,侧装机后退卸载时下滑，制动无效，将伤者碾轧致死。
工伤事故,综掘机链板机卡了一块大矸石，造成链板机链条卡死，伤者破碎矸石后，链条瞬间回弹，卡伤右脚。
顶板事故,6104工作面单体液压支柱初撑力不足，设置的木垛间距超过规定，直接顶出现大面积离层、冒落下滑推垮支架，将现场冒险作业的3人埋压致死。
顶板事故,冒顶处有褶曲构造，顶板松软，职工未按照修护施工安全技术措施的规定进行施工，导致冒顶事故发生。
机械事故,工作平台架板捆扎不牢固，使用锚杆钻机顶网作业过程中，未按规定对钻机进行固定，钻机失稳打滑掉落、支腿在机体内残余高压气体作用下弹出，击中平台下方清煤作业的李永军头部。
运输事故,无极绳绞车在轨道下山打运过程中钢丝绳断裂，急速下滑的串车冲破下口门挡，将下平段一名处于车辆下滑运行危险区域的警戒人员撞伤致死。
运输事故,综采队带班副队长赵建兰违反运架安全技术措施规定，违章站在钢丝绳的反弹范围内发信号指挥开动绞车、观察移架，由于支架钻底、阻力增大，连接支架和钢丝绳绳头的圆环链中一个圆环受力过大断裂，钢丝绳及钩头反弹将其打伤致死，是造成此次事故的直接原因。
运输事故,自卸车驾驶员郇玉云在卸土平台作业时，冒险将自卸车驾驶至不具备安全条件的平台边缘处违章排土，导致自卸车失稳滑入坡底，致其受伤。
运输事故,掘进一队职工崔灵利违章站在31003回风巷回柱绞车右前侧无证操作，拖拽物件卡阻，绞车突然前移侧翻，致使崔灵利被绞车开关砸伤致死。
顶板事故,事故点巷道顶板节理裂隙发育，支护不及时，支护强度不够，顶板离层垮落，导致事故发生。
瓦斯事故,喷浆队5名工人在未采取检查和排放瓦斯的情况下，擅自[2]打开栅栏进入盲巷作业，携带的非防爆手机[3]引燃盲巷内积聚的瓦斯，形成了瓦斯爆炸。
顶板事故,巷道年久失修，支护腐朽，顶部煤矸极具冒落危险性；作业人员在未采取临时支护并加固相邻支架的情况下，违章冒险拆除老支架，导致事故发生。
顶板事故,事故地点顶板为层理发育的砂质泥岩，破碎离层，且处于应力集中带，极具冒落危险性；作业人员邓万堂、杨午言回收支架过程中，违章操作，没有加固巷道后方支护，没有站在安全地点使用手动葫芦回收支架，顶板冒落时退避不及，被打击压埋致死。
瓦斯事故,湖南宝电群力煤矿有限公司4127工作面瓦斯涌出量大，采用局部通风机送风采煤，风量不足且局部通风机吸循环风，导致瓦斯积聚达到爆炸浓度；短距离在回风流中违章起爆时，起爆器产生火花，引爆瓦斯，造成人员伤亡。
运输事故,作业人员违章冒险进入主井地面车场摘钩危险区域，被甩落的钢丝绳钩头击伤致死。
顶板事故,事故巷道顶部有松动煤矸，存在垮落危险；作业人员违章冒险独自进入危险区域作业，导致事故发生。
瓦斯事故,1111工作面切眼处于地质变化带，瓦斯涌出异常，南一、南二、北一、北二探煤巷停风后瓦斯涌入1111工作面切眼，南一探煤巷停风后瓦斯积聚达到爆炸浓度；起爆地点1111工作面切眼瓦斯积聚达到燃烧浓度；作业人员采用煤电钻插销代替发爆器启爆产生电火花，瓦斯闪燃，引起南一探煤巷瓦斯爆炸，造成人员伤亡。
顶板事故,荣福煤矿开采12-2煤层为自燃煤层，未采取综合预防煤层自然发火的措施，导致49采区老空区煤炭自燃；违章指挥维修49123回采工作面(-15m标高煤巷)；作业人员冒险作业，导致金属支架倒塌、顶煤垮落，冒落区与采空区连通，采空区煤炭自燃产生的高温气体伴随煤矸瞬间窜出，造成人员伤亡。
爆炸事故,祖保煤矿开采的Ⅱ煤层具有煤尘爆炸危险性；暗主斜井超挂矿车，没有安装保险绳，串车提煤至上车场变坡点时，材料车下部碰头插销孔上部断裂，插销窜出造成跑车；跑车过程中矿车中的煤炭抛出，导致煤尘飞扬达到爆炸浓度；跑车时矿车撞击主斜井左侧供电电缆，电缆短路产生火花引起煤尘爆炸，造成人员伤亡。
顶板事故,11224切眼掘进工作面顶板冒落矸石，将在空顶下作业的工人蒋平安砸伤致死。
运输事故,刮板输送机将工人拉到采煤机下挤压，造成工人多处受伤致死。
瓦斯事故,11182(II)机巷底板抽放巷掘进过程中，K18煤层受断层影响已被切割至距巷道顶板约3m位置，未采取防突措施消除突出危险，综掘机掘进诱发煤与瓦斯突出，导致事故发生。
瓦斯事故,因井下监控分站电源漏电造成1705工作面区域停电，1705工作面改造巷停风、瓦斯积聚；恢复送电后，采取“一风吹”的方式将1705工作面改造巷内积聚的高浓度瓦斯压出；误启动1705改造巷开口往里4米位置闲置的风机，变形叶片运转产生摩擦火花，造成瓦斯爆炸。
运输事故,作业人员掉入采面运行的刮板运输机内，从采煤机下面拉过受伤致死。
瓦斯事故,11001综采面区域防突措施缺失、局部防突措施不到位，未消除煤体突出危险，煤壁前方有集中应力，采煤机割煤诱导煤与瓦斯突出。
机械事故,山西阳城阳泰集团义城煤业有限公司井下3407回风顺槽绞车拖运支架过程中，连接支架锚链断裂，导致连接(锚链)绞车钢丝绳回弹，击中头部致1人死亡
瓦斯事故,由于23061巷以南东二盘区巷道封闭后，封闭区内的23063巷、23062巷、23064等巷道涌出瓦斯造成积聚，达到爆炸浓度；在东二盘区23071巷口起底施工地沟时，使用非专用放炮母线放炮，且放炮时母线挂在金属锚网上，违章放炮，致使发炮瞬间的高压电通过金属锚网传至爆源点附近放电，产生火花，引爆瓦斯；冲击波摧毁东二盘区巷道闭墙，有毒有害气体蔓延到23061巷、23065巷、23075巷和23071巷等区域，导致在这些巷道内作业的人员伤亡。这是事故发生的直接原因。
运输事故,事故直接原因是主井提升过程中，上行第 3 台重车的右前轮轴与 JD-25 调度绞车拉紧的钢丝绳发生兜挂，造成矿车掉道侧翻，将违章蹬车升井的工人撞伤致死。
瓦斯事故,在区域防突措施未完全消除揭煤区域煤体突出危险的情况下，由于局部防突措施不到位，部分揭煤措施孔控制范围不足，风煤钻施工扰动影响，诱发突出是造成事故发生的直接原因。
顶板事故,作业人员在+53m水平1202采煤工作面集中溜子道三岔口翻修作业时，对“抬棚”和“窜梁”加固强度不够，顶板来压，引发冒顶，三人被埋压致死。
顶板事故,事故直接原因是工人在未采取任何护顶措施的情况下违章进入采煤机道作业，工作面顶板突然冒落将工人砸伤致死。
伤人事故,"王某、冯某违章回掉切眼口1#正抬棚下的摩擦点柱,致使正抬棚滚落,是造成这起冒事故发生的直接原因。"
顶板事故,当班作业人员在检修采煤机前滚筒时，未对伞檐状矸石进行处理，也未按规程、措施规定支护顶帮，郜某某违章进入超控顶区作业，被垮落矸石砸伤致死是造成这起事故的直接原因。
工伤事故,维护组组长误指挥原某某爬上标有“东风井-上庄风井6KVD15”的终端杆，被电击落，是造成本次事故的直接原因。
工伤事故,郭某某自保意识不强，未通知现场人员自己在机头垫链，开车前告知本人撤出，是造成事故的直接原因。
工伤事故,运输一队料车司机刘某，安全意识淡薄，驾驶车辆前未按规定对车辆的转向系统进行检查确认，未及时发现车辆方向轴与外侧套筒间存在松动。车辆途径起伏段发生颠簸后，方向盘顺势提出导致方向失灵撞至巷帮，是造成本次事故的直接原因。
运输事故,运输一队人车司机(班长)窦某，岗位责任心差，安全意识淡薄，驾驶车辆前未按《井下无轨胶轮车检修保养管理办法》要求对检修保养项目进行检查确认，违章驾驶不完好车辆。车辆行驶至东三北翼下坡段时，因车辆无液压油造成刹车失灵，应急措施采取不当，是造成本次事故的直接原因。
运输事故,推煤机司机张某在油路未畅通的情况下违章起动推煤机后退，并在推煤机停止后退后、发动机未熄火、挡位未挂至空挡的情况下，又违章离开驾驶室开启供油阀，推煤机突然起动后退，不慎掉入运行的履带上，被挤压、挂伤后，又掉到左履带外侧煤山上，被推煤机铲板压轧至死，是造成本次事故发生的直接原因。
运输事故,18 点班小班安检工兼验收员违章进入正在清运煤的33024 巷时，铲车司机未能及时发现，被运行中的铲车推倒致死，是造成这起事故的直接原因。
顶板事故,现场作业人员作业时，临时支护不到位，站位不当，掘进工作面的伞檐及煤壁突然垮落，将作业人员砸伤，是导致该起事故发生的直接原因。
顶板事故,班长卫灵杰在未架设临时支护的情况下，违章指挥工人一起进入到空顶区域内作业，导致其被顶板垮落的岩石砸伤致死是事故发生的直接原因。
机电事故,王某峰违反《20102综采工作面作业规程》和《20102综采工作面收尾、回撤安全技术措施》，操作支架后未将该支架的操作阀手把归至“零”位，乳化液泵开启时该支架护帮板突然打开，挤伤在3#支架护帮板下正在连网的其头部，导致其死亡。
机电事故,掘进机司机离开掘进机操作台时未切断电源，擅自进入掘进机工作区域，被运转的掘进机截割部伤害，导致事故发生。
机电事故,贾某违反《煤矿安全规程》第四百四十二条中“严禁带电搬迁非本安型电气设备、电缆”的规定，在潜水电泵未断电的情况下拖拽潜水电泵，致使泵体内线路短路，潜水电泵发生了爆裂，飞出的接线腔接线盖、接线座击中了贾兵的头部，导致事故发生。
机电事故,现场人员将移动变压器调向移入轨道后，两根钻杆各有一端从轨道上脱落，斜搭在轨道上，两根钻杆对移动变压器形成主要受力支点，现场作业人员经过移变时触碰到钻杆，移动变压器失衡，重心偏移侧翻，砸伤现场作业人员是造成这起事故的直接原因。
机电事故,在调整支架过程中，未严格执行《采煤工作面拉架工操作规程》中“一人操作、一人观察顶板”的制度，擅自违章操作液压支架，是造成这起事故的直接原因。
机电事故,刮板输送机司机在刮板输送机和转载机搭接处处理大块煤时，未按操作规程规定将刮板输送机和转载机闭锁装置置于闭锁状态，只停止了刮板输送机，转载机仍在运行。由于其操作不慎，跌入运行中的转载机，被破碎机击中头部死亡，是造成这起事故发生的直接原因。
运输事故,"综合现场勘察、询问有关人员、查阅相关资料、技术分析认定：运料队在运输回收道轨、钢管等长件物料时，捆绑不牢固，装载物件重心偏后，物料在运输过程中震动散开，撞击巷帮，导致平板车掉道；跟车工张某文违章行走于下行运输平板车右前方附近,受到掉道平板车上装载道轨、钢管的撞击致颅脑损伤而死亡，是事故发生的直接原因。"
运输事故,史某军违反“行车不行人，行人不行车”规定，车辆运行，行走在运行平板车前方，钢丝绳出现异常情况，将其弹到(或闪脱)到道心并被卷入车底，掉入两轨道中间，平板车从其身体上方通过，身体多处受到擦挫、挤压，造成颅脑损伤并胸腔脏器损伤致死，是造成这起事故的直接原因。
运输事故,综合服务队回收车辆人员没有认真执行《80203备用工作面绞车安装选型验算及绞车安装、运行安全技术措施》有关规定导致串车跑车，致在西轨大巷与80203回风顺槽联络巷绕道风门内正在行走的掘进二队工人段某军(擦或者撞击)死亡，是事故的直接原因。
运输事故,皮带队清煤工王某瑞违章作业，擅自将南运输大巷第 3 部带式输送机机尾驱动装置处防护栏移开，在清煤过程中，底板潮湿光滑，不慎滑入带式输送机底皮带，被运行的皮带压带辊挤压，是造成这起事故的直接原因。
运输事故,把钩工李某违反《辅助运输作业规程》和《运输煤泥安全技术措施》，违章操作，在梭车运行情况下挂钩，导致梭车与装有煤泥的矿车相撞掉道将其挤伤致死是事故发生的直接原因。
运输事故,根据富昌公司四明山项目部工作安排，刘某山违反《煤矿安全规程》规定驾驶非防爆车辆同刘某肉下井回收水管、水泵和皮带架，在副斜井行驶过程中出现高速运行，制动失效，车辆失控，撞击9号煤辅助运输大巷正前方密闭致2人受伤死亡是造成本次事故的直接原因
运输事故,死者未遵守“行车不行人，行人不行车”的规定，进入警戒区域，被支架运输车挂碰，导致事故发生。
运输事故,寺河煤矿西井井下机电二队当班皮带巡检工申某巡检至西胶大巷皮带第72号架有异响处，违章作业，右臂不慎被卷入运行的皮带与上托辊之间受伤致死是造成此次事故的直接原因。
顶板事故,安全员违章在正在运行中的变压器上被顶板掉落的岩石砸 伤，导致其死亡，是事故发生的直接原因。
运输事故,电车抵车过程中，矿车将站在两车之间准备挂钢丝绳的孙宗峰抵伤
工伤事故,伤者谢磊站位不当，违章作业，正面刷帮，刷帮时掉落一块浆皮，躲避不及，被砸到右脚脚面。
工伤事故,综掘机链板机卡了一块大矸石，造成链板机链条卡死，伤者破碎矸石后，链条瞬间回弹，卡伤右脚。
工伤事故,1、伤者李典杰码放梁子时，未能抓牢，梁子脱落碰到左脚拇指。
工伤事故,中央轨道运输斜巷下口检修工张喜宏在检修完成试车时，未全程监控补车机动作范围内人员情况，致使阻车器动作时夹到梁永君左脚，造成其左脚第一跖骨骨折的事故。
瓦斯事故,掘进工作面在出现了喷孔、顶钻等突出预兆，实际已进入突出危险区，未采取区域综合防突措施，没有消除突出危险性，继续掘进作业，工人修棚打穿杆作业扰动煤体，诱发煤与瓦斯突出。
机电事故,任楼煤矿地面压风机房6号压风机冷却风扇电机电源线老化短路产生火花引燃橡胶线及隔音海绵，火势扩大引燃压力油管，后波及7号机组。
水害事故,Ⅲ633风巷迎头前方Ⅲ631里机巷垮塌堵塞形成老空积水，在采掘活动、探放水钻孔施工、放水扰动和水压的共同作用下，煤柱失稳垮塌，老空水突然溃出，造成事故发生。
顶板事故,迎头顶板破碎，临时支护不到位，人员违章进入空顶区域，被冒落的矸石砸中头部致死。
火灾事故,东兴煤业在西大巷第一联络巷违规使用不合格的空气压缩机，且空气压缩机使用不符合规定的润滑油，安全阀失效导致空气压缩机高温高压运行，缸盖和排气管气阀爆裂，高温高压气体喷出导致润滑油燃烧，引燃周边易燃材料，产生大量有毒有害气体，造成井下作业人员一氧化碳中毒死亡。
顶板事故,孟红亮违章作业，在 82#支架护帮板未打开情况下，未进行“敲帮问顶”，空顶冒险作业，被冒落的石块砸伤其头部和左手，头部受到严重损伤致其死亡。
机电事故,朱美斌违反《20105 综采放顶煤工作面安装作业规程》进行调架作业，且未听从班长郝彦新和同组作业人员郭明军的劝阻，在 53#支架防倒钢丝绳未完全受力拉紧的情况下，站位不当且擅自卸载单体液压支柱，造成 53#支架突然倾斜下滑，该支架防倒油缸击中其头部，致其重度颅脑损伤并死亡。
顶板事故,班长卫灵杰在未架设临时支护的情况下，违章指挥工人一起进入到空顶区域内作业，导致其被顶板垮落的岩石砸伤致死是事故发生的直接原因。
机电事故,王建峰违反《20102 综采工作面作业规程》和《20102 综采工作面收尾、回撤安全技术措施》，操作支架后未将该支架的操作阀手把归至“零”位，乳化液泵开启时该支架护帮板突然打开挤伤在支架护帮板下正在连网的其头部，导致其死亡。
顶板事故,运输大巷在掘进过程中遇见地质构造，形成大面积的冒落区，工作面迎头右上方有一空巷，使该区域处于地质应力集中区，围岩破碎、不稳定；现场作业人员未按照制定的《安全技术措施》要求安排专人观察围岩的变化情况；“敲帮问顶”制度执行不到位，是这起事故发生的直接原因。
机电事故,综采一队马艳青在工作面过煤层变薄带，顶板冒落大块矸石的情况下，在清理破碎 71#支架立柱外侧与挡煤板之间的矸石过程中，将左脚误踩在前、后立柱操作阀上，导致 71#支架前后立柱操作阀全部打开，在顶板压力作用下，支架顶梁下落，撞击马艳青头部挤压致死，是事故发生的直接原因。
放炮事故,"放炮员张海河未履行连接放炮母线并最后一个离开工作面的职责,在未执行“三人连锁”放炮制度的情况下直接启动发爆器，是这起事故发生的直接原因。"
机电事故,电工周磊磊在拆除井下中央变电所 3#变压器负荷线时(实际带电)，未执行验电、放电、挂接地线技术措施，造成变压器相间短路产生电弧，导致事故发生。
机电事故,综采一队采煤机司机赵建军违反操作规程，启动采煤机前，未巡视采煤机周围，也未发出启动信号；采煤机启动后，滚筒瞬间将悬挂于机头顶板处的 25 号液压管卷入，堆放在工作面煤壁附近与 25 号液压管相连的 10 号液压管将牛红芬缠绕一并被卷入采煤机滚筒下，是导致事故发生的直接原因。
机电事故,采煤机检修工王东在对采煤机挡煤板油缸检修时，未采取有效支撑(采用垫衬道木但未固定)，错误拆除油缸进回液管，导致油缸卸压，挡煤板瞬间下移，挤落道木后将其挤压致伤后死亡。
机电事故,"电缆看护人员未严格执行《岗位操作规程》，在挖掘装载机工作状态下，擅自进入机尾摆动区域，机尾由左向右摆动时,主传动部马达外罩碰伤电缆看护人员，是造成这起事故的直接原因。"
顶板事故,综采工作面遇到陷落柱后，岩体存在隐蔽滑面，现场作业人员在未采取有效措施的情况下冒险作业，打钻诱发滑面松裂，拔钻过程中岩体突然垮落，是造成事故的直接原因。
机电事故,矿建三队副班长张登科在处理皮带撕口时违章指挥、违章作业，在踩踏运转的驱动滚筒上方皮带时，左腿连同部分皮带被挤入相向运转的两驱动滚筒之间受伤致死，是造成本次事故的直接原因。
水害事故,中村煤业 2405 回风顺槽掘进工作面未按规定进行探放水，未查明前方老空积水情况，在掘进过程中导致大量老空积水溃入矿井，是造成此次事故的直接原因。
运输事故,西陈庄煤业 3202 回采面撤架过程中，现场作业人员违反规定使用开口链环进行连接，徐天平未按规定站在安全区域内，张福庆无证操作绞车，当 66#液压支架运输受阻、开口链环受力过大而断裂时，飞出的钢丝绳绳头击中徐天平胸部，是造成此次事故的直接原因。
顶板事故,现场作业人员作业时，临时支护不到位，站位不当，掘进工作面的伞檐及煤壁突然垮落，将作业人员砸伤，是导致该起事故发生的直接原因。
运输事故,技术鉴定组综合现场勘查情况、调查取证笔录、尸检报告及相关资料认定：在斜巷运输时，绞车司机赵军华违章不带电开绞车、放飞车，造成站在轨道上清煤的王杰被撞致死，是此次事故的直接原因。
顶板事故,在急倾斜煤层应力集中、煤层松软的巷段内作业时，未采取加强支护措施，煤炭垮漏导致作业人员被掩埋致死。
运输事故,11255采煤工作面下段刮板运输机信号装置不完善，采煤工何永乐违章跨越运行的刮板运输机，其左脚不慎滑入溜槽，被运行的刮板拖入停止的采煤机下部，左腿被拉断，经抢救无效死亡。
顶板事故,作业人员在巷道维修过程中未排除顶板离层隐患，违章冒险作业，离层顶板垮塌导致事故发生。
顶板事故,1121采煤工作面回风巷支架背帮接顶不严实，年久失修，作业人员在维修支架前未对作业地点的支架进行加固，撤除腐朽笆片、排柴时，支架顶部煤矸垮落，导致事故发生。
顶板事故,1121采煤工作面回风巷支架背帮接顶不严实，年久失修，作业人员在维修支架前未对作业地点的支架进行加固，撤除腐朽笆片、排柴时，支架顶部煤矸垮落，导致事故发生。
机电事故,卢某从事电工作业时间短，严重违反高压停电、挂牌程序和电器操作规程，业务素质差，是造成事故的直接原因。
工伤事故,本人违反安全操作规程，用手触摸机械运转部位，是造成事故的直接原因。
机电事故,魏某违反操作规程，电焊时未将地线接在本机上，而是接在远离工作地点与本机毫无关联的栏杆上，当被水浸湿的手套触及沾在煤泥里的焊线破口时造成人体接地而触电，是造成事故的直接原因。
机电事故,司机原某、杜某安全意识淡化，发现事故隐患不及时停车待检，也没有与维护工同时到现场对隐患进行认定，致使隐患未得到解决，是事故发生的主要原因。
机电事故,岗位司机、维护工、班长业务素质差，发现隐患不作深入检查，剪掉钢丝绳草草了事，存有侥幸心里，是造成事故的主要原因。
机电事故,焦某未执行停送电挂牌制度，安全自保意识差，工作随意性强，是造成事故的直接原因。
机电事故,在进行综掘机“第一运输机”组装时，张根明违章作业，擅自松开手拉葫芦，走到正在用撬棍撬“第一运输机”机尾的韩福明和常峰青旁，其头部受到从韩福明和常峰青手中弹出的撬棍打击，是造成这起事故的直接原因。
瓦斯事故,永吉煤矿E10煤层-228上山以西采空区煤炭自燃；该矿对火区采取水淹灭火措施后，在未依规证实火区熄灭的情况下，违规启封火区；煤炭自燃引起采空区内积聚的瓦斯爆炸，导致事故发生。
瓦斯事故,在应力集中区掘进因放炮扰动作用诱发的以地应力为主导的煤与瓦斯延期突出。
瓦斯事故,矿井在45621风巷4号斜坡上山违规采煤、违章放炮导通上部4563回采工作面已封闭的采空区，引发采空区瓦斯爆炸。
透水事故,东斜井+8m水平探煤上山尽头处(标高+58.10m)及以下25m范围内回撤捡煤作业形成自然冒落拱，造成煤岩柱变薄，承压能力下降，导致上部采空区积水突破煤岩柱，发生滞后透水。
瓦斯事故,该矿在708工作面密闭火区未熄灭的情况下，盲目决定缩小封闭范围。在违规打开原密闭、施工新密闭过程中，新鲜风流进入封闭区域，氧气和瓦斯浓度达到爆炸界限，遇采空区明火，发生瓦斯爆炸
机电事故,人员在井下 22610 综采工作面运输机机头操作岗位作业时，意外坠入转载机内，被破碎机挤压、挫压致死，是事故发生的直 接原因。
爆炸事故,310702综采面刮板输送机机尾电机内腔爆炸，产生冲击波和明火；冲击波破坏310702回风巷上出口往外121米至129米处两趟瓦斯抽放管，管内瓦斯溢出达到爆炸浓度，电机内腔爆炸产生的明火引起局部瓦斯爆炸。
爆炸事故,祖保煤矿开采的Ⅱ煤层具有煤尘爆炸危险性；暗主斜井超挂矿车，没有安装保险绳，串车提煤至上车场变坡点时，材料车下部碰头插销孔上部断裂，插销窜出造成跑车；跑车过程中矿车中的煤炭抛出，导致煤尘飞扬达到爆炸浓度；跑车时矿车撞击主斜井左侧供电电缆，电缆短路产生火花引起煤尘爆炸，造成人员伤亡。
瓦斯事故,4112运输巷掘进工作面位于复杂地质构造带，第一单元45个区域防突底板穿层抽采瓦斯钻孔中，有个别钻孔控制巷道两帮距离不符合规定，采取的顺层钻孔补充防突措施未能消除工作面突出危险；未执行该矿班班都要进行工作突出危险性预测要求，事故前连续3个小班未进行工作面突出危险性预测；工作面出现煤层变软、片帮、瓦斯忽大忽小等突出预兆后没有认真分析并及时采取措施；掘进工作面片帮、漏顶诱导煤与瓦斯突出。
瓦斯事故,8117工作面(70m延长段)违规实施顶板预裂爆破诱发工作面采空区顶板大面积垮落，使得该工作面采空区瓦斯等有毒有害气体瞬间涌出形成冲击波造成设备损坏和人员伤亡；该采空区内处于爆炸浓度范围的瓦斯，逆流到工作面皮带进风巷，冲击波造成10KV高压电缆受外力撞击破坏产生电火花引爆瓦斯导致了事故扩大。
瓦斯事故,宝马煤矿借回撤越界区域内设备名义违法组织生产，6040巷采工作面因停电停风，造成瓦斯积聚；1小时后恢复供电通风，积聚的高浓度瓦斯排入与之串联通风的6040综放工作面，遇到正在违规焊接支架的电焊火花引起瓦斯燃烧，产生的火焰传导至6040工作面进风顺槽，引起瓦斯爆炸。
瓦斯事故,超层越界、违法开采而导致
